ticker,date
ACAD,2025-05-16
ACHR,2025-05-13
ACOG,2025-05-16
ACOG,2025-05-19
ACOG,2025-05-29
ADPT,2025-05-02
ADUR,2025-05-08
ADUR,2025-05-19
AEVA,2025-05-06
AEVA,2025-05-15
AGFY,2025-05-02
AISP,2025-05-19
AKA,2025-05-14
ALLT,2025-05-12
ALTS,2025-05-23
ALZN,2025-05-13
ANGI,2025-05-07
ARAI,2025-05-28
AREN,2025-05-19
ARKR,2025-05-05
ARQQ,2025-05-16
ARQQ,2025-05-19
ARRY,2025-05-13
ASMB,2025-05-02
ASPI,2025-05-19
ASPI,2025-05-21
ASST,2025-05-08
AVAH,2025-05-08
BBAI,2025-05-27
BCRX,2025-05-05
BIYA,2025-05-07
BIYA,2025-05-14
BKKT,2025-05-13
BMBL,2025-05-08
BMGL,2025-05-14
BNGO,2025-05-14
BOSC,2025-05-29
BSGM,2025-05-23
BSGM,2025-05-27
BUJA,2025-05-05
CFSB,2025-05-20
CINT,2025-05-14
CLGN,2025-05-29
CMCL,2025-05-19
CMCT,2025-05-02
CNCK,2025-05-22
CPS,2025-05-02
CREV,2025-05-15
CUPR,2025-05-02
CURI,2025-05-07
DBRG,2025-05-15
DDC,2025-05-29
DOMO,2025-05-22
EBS,2025-05-08
EDBL,2025-05-21
EHTH,2025-05-07
ELAN,2025-05-07
ELPW,2025-05-08
ELPW,2025-05-13
ELPW,2025-05-16
ELPW,2025-05-28
ELSE,2025-05-13
EOSE,2025-05-07
EPWK,2025-05-06
EPWK,2025-05-23
ETNB,2025-05-20
EVTL,2025-05-27
EXOZ,2025-05-08
EYPT,2025-05-28
FBRX,2025-05-27
FCEL,2025-05-23
FLNC,2025-05-08
FLNC,2025-05-12
FMST,2025-05-28
FNGR,2025-05-13
FNKO,2025-05-12
FSLY,2025-05-08
FTK,2025-05-07
FTK,2025-05-13
FULC,2025-05-02
GDEV,2025-05-05
GOGO,2025-05-09
GOOS,2025-05-21
GPUS,2025-05-07
GPUS,2025-05-08
GPUS,2025-05-21
GRPN,2025-05-08
GYRE,2025-05-27
HCAI,2025-05-07
HCAI,2025-05-09
HCAI,2025-05-13
HCWB,2025-05-13
HNRG,2025-05-13
HOLO,2025-05-27
HOLO,2025-05-28
HSCS,2025-05-19
HSDT,2025-05-02
ICCC,2025-05-21
IDN,2025-05-23
IDN,2025-05-27
IMCC,2025-05-30
INFA,2025-05-23
INHD,2025-05-12
ISPO,2025-05-30
ITOS,2025-05-13
ITOS,2025-05-28
JOBY,2025-05-28
JTAI,2025-05-27
KE,2025-05-07
KIDZ,2025-05-02
KINS,2025-05-09
KOSS,2025-05-20
KRNT,2025-05-14
LAES,2025-05-22
LICN,2025-05-12
LICN,2025-05-13
LION,2025-05-07
LITM,2025-05-28
LIVE,2025-05-08
LPA,2025-05-22
LPA,2025-05-23
LPCN,2025-05-16
LTBR,2025-05-23
LTRN,2025-05-07
LUNR,2025-05-13
LYFT,2025-05-09
MAXN,2025-05-13
MDCX,2025-05-14
MLGO,2025-05-07
MNRO,2025-05-28
MRNO,2025-05-05
MSW,2025-05-12
MSW,2025-05-13
MTAL,2025-05-27
MTEN,2025-05-06
MTEN,2025-05-07
MTEX,2025-05-21
NEGG,2025-05-14
NHTC,2025-05-12
NPCE,2025-05-15
NSYS,2025-05-07
NTCL,2025-05-02
NTCL,2025-05-06
NTHI,2025-05-08
NTHI,2025-05-09
NUKK,2025-05-20
NUKK,2025-05-21
NVAX,2025-05-08
NVAX,2025-05-19
NVTS,2025-05-27
NXTT,2025-05-12
OCG,2025-05-07
OM,2025-05-08
ORIC,2025-05-28
ORIC,2025-05-29
OSCR,2025-05-07
OUST,2025-05-09
PBM,2025-05-05
PBM,2025-05-19
PBM,2025-05-30
PGY,2025-05-08
PPIH,2025-05-02
PRCH,2025-05-07
PRE,2025-05-21
PRE,2025-05-22
PULM,2025-05-27
PULM,2025-05-28
QBTS,2025-05-08
QBTS,2025-05-20
QBTS,2025-05-22
QMCO,2025-05-19
QMCO,2025-05-22
QUBT,2025-05-16
QVCGB,2025-05-06
QVCGB,2025-05-07
QVCGB,2025-05-08
RAIN,2025-05-12
RDIB,2025-05-15
RDW,2025-05-27
RENT,2025-05-12
RGTI,2025-05-14
RGTI,2025-05-22
RUM,2025-05-09
SAGT,2025-05-29
SATL,2025-05-02
SBC,2025-05-22
SBET,2025-05-23
SBET,2025-05-27
SEDG,2025-05-08
SEPN,2025-05-14
SERV,2025-05-09
SERV,2025-05-22
SIEB,2025-05-27
SLGL,2025-05-05
SLGL,2025-05-06
SMR,2025-05-13
SNT,2025-05-19
SOS,2025-05-09
SOS,2025-05-12
SOUN,2025-05-12
SPCE,2025-05-16
STRM,2025-05-29
SYTA,2025-05-20
SYTA,2025-05-22
TASK,2025-05-09
TBI,2025-05-13
TDUP,2025-05-06
TIL,2025-05-22
TMC,2025-05-19
TSSI,2025-05-15
TSSI,2025-05-16
TZUP,2025-05-07
TZUP,2025-05-13
UBXG,2025-05-14
UEIC,2025-05-05
VATE,2025-05-27
VCIG,2025-05-02
VENU,2025-05-27
VERB,2025-05-13
VERB,2025-05-30
VIGL,2025-05-22
VMAR,2025-05-06
VMAR,2025-05-07
VMAR,2025-05-27
WAI,2025-05-05
WBUY,2025-05-09
WEST,2025-05-09
WFF,2025-05-20
WGRX,2025-05-08
WKSP,2025-05-15
WOLF,2025-05-02
XAGE,2025-05-21
XAGE,2025-05-22
YSXT,2025-05-22
YSXT,2025-05-28
ZCAR,2025-05-05
ZKIN,2025-05-09
