ticker,float_M,os_M
AACG,15.04,43.03
AAGR,13.18,57.87
AAIC,26.89,28.32
AAMC,0.9,2.55
AAME,4.02,20.4
AAN,29.27,30.71
AAOI,77.1,80.24
AATC,4.09,5.41
AAU,137.36,137.36
ABAT,133.81,136.41
ABEO,54.77,57
ABL,33.96,97.75
ABLV,22.37,49.39
ABOS,56.5,72.23
ABP,4.92,5.9
ABSI,144.61,155.91
ABST,39.58,52.74
ABTC,327.18,1063.01
ABTS,3.04245,3.16
ABUS,155.65,197.54
ABVC,23.24,26
ABVE,14.84,28.53
ABVX,70.89,79.69
ACB,56.55,56.58
ACCD,70.58,81.59
ACCL,2.89,13.9
ACCS,2.21,3.88
ACER,21.03,24.46
ACET,9.32,9.35
ACGN,3.59,8.42
ACHL,27.84,41.1
ACHR,664.75,760.82699
ACHV,99.63,102.66
ACIC,24.33,48.46
ACIU,70.56,112.64
ACLX,53.54,60.39
ACNT,6.57,9.04
ACOG,20.7,21.77
ACON,2.46,2.46
ACOR,1.24,1.24
ACR,3.54,7.13
ACRS,122.36,139.66
ACRV,25.27,42.8
ACTG,33.89,96.59
ACTU,10.35,23.93
ACU,3.34,3.81
ACXP,4.17,4.3
ADAG,67.336,77.896
ADAP,246.7,265
ADCT,90.6,127.19
ADGM,7.16,25.17
ADIL,2.14,2.14
ADMA,223.77,231.77
ADMS,41.17,45.79
ADN,3.36,3.79
ADSE,37.74,75
ADTH,51.96,91.96
ADTX,0.82,0.82
ADUR,21.65,45.88
ADVB,1.34,1.38
ADVM,19.55,22.08
ADXN,1.05,1.27
ADXS,42.57,42.63
AE,2.51,2.58
AEBI,37.2,77.51
AEHL,2.17,16.73
AEHR,28.81,30.63
AEI,3.7,38.9
AEMD,1.55,1.57
AENT,11.66,50.97
AENZ,6.6,91.46
AEON,20.6,40.99
AERI,43.27,49.42
AERT,15.44,50.21
AEVA,48.30438,67.53438
AEY,1.19,1.49
AEYE,7.51,12.44
AFCG,17.7,23.53
AFIB,23.99,29.91
AFMD,15.73,16.39
AFRI,5.49,26.92
AGCC,10.6,37.29
AGEN,41.12,41.64
AGFS,31.93,53.72
AGIG,13.14,44.02
AGIL,32.13,52.4
AGMH,1.94,3.23
AGPU,25.1,25.1
AGRX,6.86,6.9
AGRZ,11.88,21.92
AGS,39.18,41.51
AGTC,67.5,67.63
AHG,549.2,551.86
AHI,5.87514,7.78
AHMA,4.19,29.73
AHPI,3.24,4.01
AHT,6.37,6.48
AIAI,9,77.914
AIB,4.4,37.63
AIDX,9.44,10.61
AIEV,63.28,102.6
AIFA,17.53,38.27
AIFC,122.33,222.61
AIFF,12.82,21.71
AIFU,122.91,128.51
AIH,6.09,47.79
AIHS,5.45,15.46
AIIO,17.62,19.61
AIIR,25.03,160.31
AILE,53.31,141.17
AIM,24.79935,24.88935
AIMD,5.75,8.52
AINC,0.67,1.65
AIOS,0.195,3.2495
AIOT,127.34,134.15
AIP,34.24,46.17
AIRE,4.0088,5.3648
AIRG,12,12.68
AIRI,3.52,4.85
AIRJ,33.14854,72.12854
AIRO,11.55,31.45
AIRS,25.16,70.55
AIRT,1.89,2.7
AISP,22.97,34.44
AIU,30.79,30.79
AIXC,20.23,20.23
AIXI,1.22,1.31
AKA,0.95,10.82
AKAN,0.53333,0.53333
AKBA,247.79,268.26
AKLI,73.87,78.72
AKRO,79.85,82.32
AKTX,0.78,2.61059
AKU,41.95,91
AKUS,36.53,36.95
AKYA,28.42,49.88
ALAR,7.06,7.26
ALBT,11.37,12.05
ALCE,0.39,600.72
ALCO,5.38,7.42
ALDX,58.59,60.32
ALEC,104.98,111.03
ALF_1833908_Delisted,,
ALGS,3.33,6.19
ALIM,21.96,54.38
ALJJ,18.55,38.66
ALLG,56.49,273.34
ALLK,79.59,90.38
ALLO,291.13,345.15
ALLR,15.91,15.91
ALLT,33.54,48.65
ALMS,88.92,123.43
ALMU,15.83,18.31
ALNA,120.97,122.08
ALO,,
ALOT,6.36,7.69
ALOY,7.8627,59.81
ALP,19.01,24.08
ALPN,46.31,68.6
ALPP,23.49,27.06
ALPS,49.94,166.47
ALR,19.69,32.61
ALSK,,
ALT,204.58,205.07
ALTG,26.14,32.54
ALTI,45.41,151.62
ALTO,73.65,77.49
ALUR,12.61,16.41
ALXO,134.26,149.77
ALYA,39.61,99.36
ALZN,3.78,3.8
AMAM,61.78,62
AMBI,1.94,55.43
AMBO,1.43,2.86
AMBR,11.74,93.84
AMC,669.59,671.59
AMCI,4.45,22.6
AMIX,11.05,11.41
AMLI,210.89,217.56
AMLX,102.99,111.19
AMOD,18.73,160.11
AMPE,1.12,1.14
AMPG,22.36,25.34
AMPX,133.56,141.63
AMPY,40.39,41.29
AMRB,,
AMRN,20.75,20.97
AMRS,265.28,369
AMS,4.15,6.63
AMSC,45.96,47.69
AMSS,4.62,11.37
AMST,4.6,5.85
AMTD,47.5,95.71
AMTI,32.55,41.34
AMTX,66.05,70.37
AMWL,12.79,16.71
AMZE,57.6,58.79
ANEB,18.69,40.78
ANGH,2.49,9.06
ANGO,39.49,41.32
ANGX,101.3,186.41
ANIK,13.29,13.31
ANIX,31.9,33.53
ANL,13.85,64.40076
ANNA,3.81,66.93
ANNX,188.41,199.61
ANPA,5.14,15.1
ANRO,31.99,37.07
ANTA,2.65,23.98
ANTX,32.48,44.24
ANVS,39.725,42.545
ANY,4.15,4.24
AONC,32.66,46.96
AOUT,12.07,12.6
AP,13.55,20.33
APCX,40.5,42
APEI,15.66,18.34
APEN,50.95,57.97
APEX,,
APGN,24.35,24.86
API,62.03,84.5
APLD,226.66,279.59
APLM,0.97,2.2
APLT,141.84,144.3
APM,5.53,8.14
APPH,135.35,155
APPS,109.32,120.66
APRE,49.37,52.98
APRN,5.41,6.39
APT,9.92,10.22
APTO,2.07,2.55
APTX,62.71,67.72
APUS,6.95,15.09
APVO,1.25,1.34852
APWC,6.28,41.24
APYX,41.72,41.87
AQB,5.08,5.15
AQMS,3.33,3.36
AQST,119.77,125.45
ARAI,24.79,51.86
ARAV,53.72,73.56
ARAY,114.09,118.96
ARBB,1.29,1.77
ARBE,92.24,122.62
ARBK,1.67,14.63
ARC,30.91,43.26
ARDS,39.46,46.08
ARDX,245.21,247.03
AREB,12.46,12.52
AREC,105.03,106.97
AREN,11.48,47.6
ARIS,198.66,205.53
ARIS_delisted_1865187,,
ARKR,2.02,3.61
ARMP,11.63,36.71
ARQ,35.72,42.93
ARQQ,8.33,15.29
ARQT,113.32,125.08
ARTL,3.85,3.9
ARTV,46.29,50.76
ARTW,2.55,5.18
ARTX,,
ARVL,7,22.68
ASAP,13.13,13.55
ASBP,1.18667,1.21098
ASC,40.8,40.8
ASFI,,
ASLE,22.12,47.24
ASLN,3,3.2
ASM,165.34,168.57
ASMB,15.4036,20.7036
ASNS,26.71,26.73
ASPI,103.67,125.9
ASPN,69.47,82.88
ASPS,9.61,11.28
ASPU,19,25.31
ASRT,6.29,6.46
ASRV,15.42,16.96
ASST,78.78,78.87
ASTC,1.41,1.76
ASTI,9.46,9.46
ASTR,15.17,22.89
ASTS,258.8,388.12
ASUR,27.05,28.68
ASXC,267.29,272.84
ASYS,14.43683,17.42683
ATAI,303.83,366.92
ATCH,133.51,150.34
ATCX,1.79,5
ATER,9.5,10.82
ATGL,9.31,16.46
ATHE,17.9,18.13
ATHR,4.1,12.14
ATHX,61,61.56
ATIP,1.5,4.41
ATLN,36.8,79.36
ATLX,23.23,29.49
ATNM,31.19,31.37
ATNX,8.27,8.66
ATOM,37.39,38.72
ATOS,8.61,8.61
ATPC,0.97,1
ATRA,6.07,9.01
ATRO,27.77,35.84
ATTO,65.09,75.41
ATV,,
ATXG,0.98,1
ATXI,3.01,3.29
ATXS,56.82,57.08
ATYR,96.67,98.05
AUC,9.69,10.01
AUD,125.1,150.35
AUDC,23.52,27.72
AUGX,26.32,49.24
AUID,15.86,16.13
AUMN,15.15,18.89
AUPH,109.97,128.6
AURA,107.68,109.03
AURE,32.23,36.8
AUST,7.14,13.69
AUTL,184.89,266.16
AUTO,9.54,14.05
AUUD,5.58,5.59
AUVI,4.75,4.8
AVAH,76.78,217.76
AVCT,29.54,32.47
AVD,26.26,28.61
AVDL,97.38,98.15
AVEO,34.68,34.76
AVGR,3.13,3.31
AVIR,72.57,80.03
AVNW,12.35,12.94
AVR,77.53,97.34
AVTX,52.56,52.57
AVX,65.45,89.62
AVXL,91.37,92.67
AWH,42.69,43.5
AWIN,0.92,0.92
AWRE,12.84,21.63
AWX,2.02,3.9
AXAS,6.5,8.42
AXDX,15.32,25.21
AXG,64.49,190.45
AXGN,50.37,53.18
AXIL,3.05,6.8
AXLA,2.41,2.95
AXR,2.22,5.31
AXTI,62.35,65.42
AXU,156.56,162.72
AYLA,8.34,14.82
AYTU,9.92,10.73
AZ,40.68,44.55
AZI,3.44,4.49
AZTR,11.5,16.19
AZUL,222.35,443.88
BABY,4.09,5.47
BACK,3.68,3.78
BAER,27.76,57.64
BAND,28.76,32.02
BANL,6.25,27.5
BAOS,0.9,1.53
BARK,4.921,8.6415
BATL,8.48,22.79
BBAI,474.78,478.95
BBBY,73.39,73.94
BBCP,27.66,50.56
BBGI,0.67,1.81
BBIG,12.45,12.45
BBLG,1.79,1.8
BBLN,22.41,25.61
BBOT,47.62,80.11
BBQ,6.93,10.76
BBW,11.61,12.58
BCAB,1.61,1.66
BCAX,57.68,65.7
BCDA,10.59,11.37
BCEL,38.71,39.62
BCG,3.64,16.81
BCLI,10.81,11.45105
BCML,10.2,10.91
BCOV,41.66,45.14
BCOW,4.86,5.96
BCTX,8.6793,8.6993
BDL,0.81,1.86
BDMD,9.79,42.21
BDR,8.29,
BDRX,0.75,0.75
BDSX,5.93,10.11
BDTX,43.08,57.3
BEAT,45.46,55.51
BEDU,6.41,29.67
BEEM,21.84,22.2
BEEP,8.6,41.2
BENF,1.67,14.43
BESS,4.42,7.1
BEST,4.04,20.1
BETR,7.36,18.87
BETS,4.29,4.29
BFI,20,27.4
BFLY,166.6,261.27
BFRA,28.36,
BFRG,16.1,18.54
BFRI,12.39,12.8
BFX,35.35,36.41
BGDE,5.34,5.52
BGFV,21.44,22.92
BGI,3.23,19.59
BGIN,43.53,113.14
BGL,11.17,40.84
BGLC,1.89,2.42
BGM,5.26,383.96
BGMS,4.41,5.52
BGRY,161.99,242.42
BGSF,10.34,11.24
BGXX,92.9,191.17
BH,0.69,2.29
BHAT,2.5036,3.1
BHIL,3.66,6.11
BHR,46.28,68.68
BHST,17.91,22.67
BIAF,4.46,4.53
BIG,28.43,29.69
BIMI,3.35,15.52
BINI,12.48,12.48
BIOA,40.2,44.45
BIOC,2.62,2.63
BIOL,36.6,36.6
BIOR,2.96,4.52
BIRD,6.18,8.81
BIVI,7.53,7.54
BIYA,1.27,15.11
BJDX,1.03,4.68592
BKEP,34.57,41.9
BKKT,35.99,47.87
BKSC,4.94,5.55
BKSY,28.79,37.11
BKTI,3.12,3.74
BKYI,1.081,1.084
BLCM,9.72,9.72
BLCT,18.76,37.47
BLIN,9.73,12.6
BLIV,5.1,10.86
BLMZ,3.33,54.57
BLNE,26.05,31.18
BLNK,137.9,143.68
BLPH,9.85,12.23
BLRX,4.18,4.35
BLTE,20.63,40.09
BLUE,9.71,9.79
BLZE,42.99,60.1
BMEA,63.02,72.3
BMGL,8.58,18.79
BMHL,3.37,24.64
BMNR,565.12,568.08
BMR,11.76,15.53
BMRA,2.86,3.09
BMTX,8.67,12.1
BNAI,3.83,6.75331
BNBX,9.73,9.74
BNC,35.1,42.9
BNED,14.49,34.3
BNFT,23.4,34.42
BNGO,11.47,11.48
BNKK,7.6,8
BNR,7.59,10.52
BNRG,1.89,1.9
BNSO,1.46,4.86
BNTC,25.82,34.35
BNZI,1.38,1.46
BODI,3.22,7.24
BOF,12.59,15.32
BOLD,17.61,22.46
BOLT,1.54,1.92
BON,6.09,8.13
BOOM,19.76,20.47
BORR,290.55,308
BOSC,6.73,7.05
BOT,9.61017,20.27417
BOTJ,3.85,4.54
BOXD,65.62,72.66
BOXL,3.37,4
BPTH,50.3,50.3
BPTS,33.84,33.84
BQ,2.79,14.87
BRAG,19.12,26.35145
BRAI,1.71,215.73643
BRBS,68.91,91.34
BRCC,88.4,249.5
BRCN,81.74,108.73
BRDS,10.481,12.87
BRFH,10.93,16.14
BRIA,2.5,30.63
BRID,1.86,9.08
BRLS,8.84,21.46
BRLT,15.52,101.2
BRN,7.53,14.4
BRNS,30.61,40.85
BROG,17.25,109.59
BRQS,24.86,45.47
BRR,71.12,90.57
BRSH,100.96,100.97
BRT,10.54,18.82
BRTX,25.14,25.48
BRUN,61.43,61.43
BRY,76.32,77.61
BSET,7.28,8.65
BSFC,7.89,41.8
BSLK,4.44,4.59
BSQR,17.67,19.87
BSVN,4.15,9.52
BTAI,30.34,30.88
BTBD,3.19,6.18
BTBT,348.01,349.19
BTCS,42.66,49.78
BTCT,9.5,9.52
BTCY,26.74,28.44
BTDR,139.32,241.79
BTM,4.16,11.13
BTMD,24.81,32.05
BTOC,15.06,45.44
BTOG,1.48,1.49
BTQ,96.65,141.31
BTTC,5.83,10.77
BTTX,35.86,51.33
BUDA,5.5,13.07
BULL,439.32,532.57
BURU,178.87,179.02
BUUU,2.96,16.5
BVC,0.81,8.4
BVS,33.41,83.53
BW,114.29081,147.02081
BWAY,37.58,40.09
BWEN,21.89,23.4
BWMN,15.08,17.51
BXC,7.6,7.78
BXRX,10.68,10.68
BYAH,4.08,4.51
BYFC,5.99,9.28
BYND,511.78,515.34
BYRN,16.21,22.69
BYSI,30.83,41.12
BYU,32.14,49.95
BZAI,94.07,142.3
BZFD,17.18,78.98
BZH,25.31,27.33
BZUN,44.02,58.14
CAAS,10.28,30.17
CABA,160.46,163.05
CABR,7.29,9.09
CADL,64.16,73.27
CALA,4.61,4.87
CALC,10.9,15.8
CAMP,20.19,51.93
CAMP_730255_Delisted,,
CAN,647.77,722.3
CANF,3.42,3.42
CANG,185.86,358.61
CANO,2.27,5.41
CAPR,50.25,57.91
CAPS,9.02,12.63
CAPT,26.02,32.37
CAR,17.49,35.26
CARM,22.96,41.85
CARV,4.86,5.1
CASA,47.01,99.11
CASI,16.37,20.55
CAST,15.14,41.59
CATO,16.26,19.96
CATX,108.11,120.51
CAUD,10.56,22.67
CBAN,19.98,21.17
CBAT,77.85,88.65
CBAY,110.75,114.72
CBD,131.67,269.98
CBFV,4.51,5.07
CBIO,19.21,27.57
CBMB,3.2,3.52
CBRS,34.38,219.61
CBUS,67.44,76.33
CCCC,124,126.45
CCEC,14,59.49
CCEL,3.71,8.06
CCG,15.97,83.02
CCHH,6.65,39.95
CCLD,41.18,42.49
CCLP,142,142
CCM,1.39,4.34
CCRD,5.58,7.79
CCSI,17.87,18.4
CCTG,3.04,3.91
CD,32.12,79.44
CDAK,27.62,36.83
CDIO,2.66,2.96
CDLX,48.75,57.61
CDRO,14.79,45.47
CDT,0.46,4.86
CDTG,0.358,3.0212
CDTX,31.24,31.44
CDXS,89.17,90.9
CDZI,57.28,84.09
CECO,29.9,35.87
CEI,282,282
CELC,44.12,48.77
CELL,89.48,99.3
CELP,11.49,
CELU,8.87,28.95
CELZ,3.66,3.7
CEMI,36.41,36.73
CENN,1.32,2.47
CERO,45.08,45.11
CERS,193.89,200.37
CETX,11.12,11.12
CETY,7.43,11.12
CFBI,,
CFBK,4.22,6.5
CFMS,7.82,7.88
CFOR,4.33,12.18
CFRX,3.63,10.7
CGBS,434.39,461.31
CGC,360.34,377.86
CGEM,53.22,61.46
CGEN,94.5,94.55
CGNT,55.68,73.08
CGRN,18.32,19.45
CGTL,8.73,25.73
CGTX,83.17,89.5
CHAI,7.12,23.94
CHCI,3.23,10.26
CHGG,106.83,111.96
CHMG,4.15,4.82
CHMI,36.51,36.74
CHNR,0.55,1.26
CHOW,11.03,35.49
CHPT,23.6,24.42
CHR,1.70667,1.73
CHRA,2.00217,3.37
CHRN,3.5,141.78
CHRS,149.61,154.25
CHSN,3.623,3.6391
CHUY,16.93,17.23
CIA,45.61,50.55
CIFR,312.65,409.05
CIH,54.21,90.42
CIIT,1.60429,3.62
CING,13.1,13.47
CIR,19.95,20.39
CISO,40.46,45.31
CISS,0.53,0.53
CITR,16.88,22.36
CIX,1.52,12.32
CIZN,4.86,5.62
CJMB,2.65,5.65
CKPT,82.24,87.02
CKX,1.41,2.05
CLAR,31.26,38.44
CLDB,,
CLDI,19.18,19.31
CLDX,78.33,78.49
CLEU,3.15,3.37
CLFD,11.18,13.59
CLGN,12.76,14.42
CLIK,2.94,3.26
CLIR,5.10778,6.18778
CLLS,44.64,72.34
CLMB,17.67,18.6
CLNN,10.64,12.78
CLOV,408.08,526.68
CLPR,11.85,16.16
CLPS,14.38,29.84
CLPT,28.02,29.99
CLRB,17.25,17.36
CLRO,0.89,2.68
CLSD,4.47,5.23
CLSK,246.94,256.61
CLVR,1.64,1.75
CLVS,141.94,145
CLW,15.74,16.13
CLWT,3.12,7.45
CLYM,31.21,79.77
CMAX,2.9,3.81
CMBM,13.57,29.03
CMCL,14.97,19.3
CMCM,9.88,31.04
CMCT,2.64,2.64
CMLS,16.57,17.67
CMMB,6.52,7.19
CMND,1.219,1.219
CMPI,21.04,22.04
CMPS,127.39,134.95
CMPX,143.11,180.09
CMRA,17.62,30.74
CMRX,83.11,93.8
CMT,8.09,8.9
CMTL,24.62,29.73
CNCE,44.11,47.94
CNCK,12.18,135.17
CNET,2.97,3.67
CNEY,7.57,8.2
CNF,6.58,17.8
CNNB,2.45,2.89
CNSP,10.6,10.6
CNTA,144.81,154.73
CNTB,19.76,62.96
CNTG,11.76,29
CNTM,5.41,5.63
CNTN,205.45,206.7
CNTX,90.84,91.88
CNTY,25.64,28.17
CNVS,17.93,21.29
CNVY,15.46,73.22
CO,42.02,121.55
COCH,92.54,103.93
COCP,10.38,13.79
CODA,5.12,11.28
CODX,5.19,5.25
COE,4.17,7.71
COGT,179.11,179.16
COHN,1.84,2.48
COMS,2.44,2.7
CONN,17.64,24.89
COOK,1.7,2.78
COOT,6.09,46.7
CORR,15.76,15.82
CORV,,
CORZ,310.41,317.89
COSM,53.51,59.96
COYA,21.32,23.46
CPAA,,
CPAH,,
CPHC,3.44,5.15
CPHI,27.85,40.52
CPIX,8.79,14.98
CPOP,82.15,82.73
CPS,17.17,17.76
CPSH,17.4,19.21
CPSS,9.45,21.76
CPTN,2.78,16.05
CRBP,18.44,18.53
CRBU,90.22,99.18
CRD.A,14.63,48.74
CRDF,64.61,68.37
CRDL,77.69,111.68
CRE,1.1,2.01
CREG,26.22444,27.40444
CREV,1.67,1.89
CREX,6.83,10.57
CRGE,179.45,215.04
CRGO,18.94,51.53
CRGX,48.22,48.36
CRIS,39.97,39.98
CRKN,1.74,1.74
CRMD,77.69,78.45
CRML,64.2,146.89
CRMT,7.39,8.3
CRNC,37.75,45.19
CRNT,75.51,90.71
CRT,6,6
CRTD,116.8,117.52
CRVO,4.89,9.26
CRVS,76.23,84.09
CRWS,9.77,10.7
CRXT,51.72,52.02
CSAI,24.41,24.99
CSBR,8.69,13.89
CSCI,3.18,3.18
CSHR,74.26,131.78
CSPI,8.45,10.07
CSS,,
CSSE,21.99,32.46
CSTE,13.61,34.58
CSV,14.64,15.87
CTEK,12.48,13.26
CTEV,7.23,17.05
CTG,14.46,16.09
CTGO,30.3,32.1
CTHR,3.55,4.47
CTIC,115.24,131.88
CTK,6.3,
CTLP,68.53,73.73
CTM,63.38,94.7
CTMX,217.58,218.88
CTNM,35.21,37.39
CTNT,2.78,2.96
CTO,32.71,33.78
CTOR,49.51,116.28
CTRM,9.65,9.66
CTRN,4.7,8.34
CTSO,53.8,62.79
CTT,46.02,49.28
CTV,119.58,150.92
CTW,3,63
CTXR,26.48,27.45
CUE,6.9,7.17
CUEN,9.71,9.71
CULP,11.73,12.66
CUO,,
CUPR,0.92125,2.68125
CURI,39.5,59.29
CURO,16.51,41.3
CURR,44.53,112.28
CURX,9.15,28.36
CUTR,19.86,20.19
CV,31.25,49.96
CVEO,5.89,10.94
CVGI,33.89,36.26
CVKD,2.63,3.08
CVLG,14.72,25.17
CVM,14.38,14.46
CVNA,129.53,219.37
CVR,0.88,0.97
CVRX,23.76,26.54
CVU,11.98,13.21
CVV,6.67,6.94
CWBC,22.89,27.11
CWBR,2.83,2.91
CWCO,15.13,16
CWD,8.23,8.84
CXAI,94.53,109.08784
CXDC,15.55,70.55
CXDO,17.38,32.42
CYAB,10.87,13.81
CYAD,13.74,22.59
CYAN,5.01,7.39
CYBE,6.96,7.42
CYCN,3.74,4.33
CYCU,8.18,8.59
CYD,11.81,37.52
CYN,16.9,16.9
CYPH,34.6,137.29
CYRN,6.32,8
CYT,27.56,36
CYTH,21.32,32.74
CYTO,8.77,8.79
CYXT,49.61,180.32
CZOO,2.53,4.89
CZWI,8.74,9.64
DAC,8.45,18.26
DAIC,0.6592,1.2104
DAIO,8.32,9.39
DAKT,41.31,48.3
DALN,4.69,5.35
DAO,14.04,120.44
DARE,13.32,14.98
DAVE,10.09,13.56
DAWN,98.77,103.3
DBD,22.17,34.63
DBGI,22.99,22.99
DBI,27.02,50.71
DBTX,15.8,25.13
DBVT,55.68,59.21
DC,113.89,133.93
DCFC,0.55,0.78
DCGO,87.67,98.78
DCOY,0.5,0.53
DCTH,31.1,34.52
DCX,0.91,24.58
DDC,24.11,34.35
DDD,157.81344,163.34344
DDI,6.32,49.55
DDL,107.85,219.14
DEFT,366.44,388
DERM,16.92,27.53
DETX,5.66,5.68
DEVS,17.93,19.58003
DFDV,24.37,30.12
DFLI,12.5,12.82
DFNS,57.54,60.27
DFSC,1.99,1.99
DFTX,107.39,109.07
DGNX,15.48,29.07
DGXX,83.11,90.42
DHAI,1.32,2.09
DHX,37.44,44.97
DIBS,16.23,35.33
DIT,0.25,0.98
DJCO,0.95,1.38
DJT,163.15,280
DKI,0.53875,2.07777
DLA,6.28,7.05
DLHC,11.75,14.49
DLNG,11.7,36.38
DLPN,12.74,13.02
DLTH,26.36,38.13
DLXY,4.71,16.35
DM,22.2,33.34
DMAC,37.98,53.88
DMK,10.09,10.1
DMN,20.01,21.05
DMRA,61.11,61.55
DMS,2.76,6.33
DMTK,34.35,34.96
DNA,51.14,65.32
DNMR,2.72,3.02
DNTH,52.95,54.67
DOGZ,5.37,14.51
DOMA,6.7,14.19
DOMH,17.88,22.61
DOMO,34.73,41.88
DOUG,81.25,90.91
DOYU,12.67,30.18
DPRO,35.98,36.03
DPSI,5.88,7.68
DRCT,0.69,0.74
DRIO,7.26,7.31
DRMA,3.91,4.02
DRRX,28.83,31.05
DRTS,72.04,90.18
DRTT,193.68,193.68
DRUG,7.06,9.73
DS,85.28,92.39
DSGN,39.05,62.46
DSKE,46.92,47.2
DSP,17.01,65.53
DSS,4.02,10.04
DSWL,4.59,15.94
DSX,115.47,124
DSY,4.58,4.75
DTCK,10.86,27.37
DTCX,35.73,41.79
DTEA,13.63,26.56
DTI,14.18,35.19
DTIL,25.18,25.8
DTSS,6.57,10.45
DTST,1.38,2.17
DUKR,3.41,3.41
DUO,5.58,38.55
DUOT,25.26,29.32
DVD,16.17,36.39
DVLT,627.08,855.56
DWSN,6.32,31.05
DWTX,8.96,33.63
DXF,1.88,5.24
DXLG,50.29,55.27
DXPE,12.55,15.51
DXR,2.98,5.84
DXST,1.218,2.22
DXYN,15.38,15.38
DXYZ,13.72,14.43
DYAI,31.14,36.44
DYN,149.64,165.31
DYNT,7.48,16.05
DZSI,28.44,38.79
EAF,21.38,26.05
EAR,4.7,20.76
EARN,37.07,37.56
EB,78.48,100.72
EBET,14.96,14.98
EBF,24.48,25.29
EBON,4.99,6.54
EBS,50.25,51.6
ECDA,1.27,1.39
ECOM,26.45,28.92
ECOR,6.78,8.3
ECX,86.55,377.09
EDBL,8.6,8.77
EDHL,0.54,1.67
EDIT,152.69556,153.46556
EDRY,1.41,2.89
EDSA,7.6,8.89
EDTK,15.45,15.93
EDUC,6.12,8.51
EEIQ,0.62375,1.61
EEX,149.91,197.91
EFOI,4.18,6.36579
EFSH,22.98,65.29
EFTR,4.66,4.7
EFTY,4.82,20.11
EGAN,17.73,27.45
EGG,9,28.75
EGHT,135.39,139.32
EGIO,3.49,5.64
EGLX,151.52,152.17
EGOX,51.45,94.39
EGRX,11.42,12.99
EGY,105.37,107.01
EHGO,1.255,2.0225
EHLD,1.13,2.82
EHTH,29.07,31.74
EIGR,0.97,1.48
EJH,1.99,3.2
ELA,6.53,25.96
ELAB,5.63,5.63
ELBM,74.5,104
ELDN,92.33,92.36
ELEV,55.53,59.22
ELIQ,17.39,38.02
ELLO,7.57,13.78
ELMD,5.44,8.28
ELOG,3.7,12.83
ELOX,0.68818,0.68818
ELPW,5.9955,6.0355
ELSE,1.74,3.53
ELTK,3.19,6.72
ELTX,16.67,19.09
ELUT,30.14,44.21
ELVA,37.23,49.51
ELVN,45.35,60.9
ELVT,21.66,31.25
ELWT,2.39,6.62
ELYS,31.91,37.44
EM,61.16,253.54
EMAN,63.4,83.19
EMAT,0.87,593.35
EMCF,2.32,2.74
EMKR,7.74,9.08
EML,3.8,6.03
EMPD,36.76,36.76
EMPG,1.58,8.33
EMX,90.67,108.96
ENDP,232.46,235.22
ENFY,11.1,15.77
ENG,3.83,5.16
ENGN,52.1,66.99
ENGS,5.95,32.53
ENHA,20.2,395.07
ENLV,240.15,241.05
ENSC,14.69,14.69
ENSV,46.98,58.18
ENTA,27.62,29.08
ENTX,53.43,54.45
ENVB,3.64,3.68
ENZ,40.19,52.4
EONR,43.51,49.97
EOSE,332.39,339.51
EP,20.31,39.79
EPIX,37.57,47.31
EPM,32.33,35.87
EPOW,21.07,42.33
EPRX,58.78,61.81
EPSM,3.8,13.44
EPSN,18.25,30.25
EPWK,3.39,13.7
EPZM,155.34,168.36
EQ,45.07,110.61
EQOS,43.66,46.44
EQS,5.94,13.97
ERAS,252.09,310.98
ERNA,1.12,1.17
ESCA,10.92,13.81
ESEA,3.39,7.06
ESLA,16.3,43.03
ESOA,13.58,18.66
ESP,2.35,3
ESPR,255.67,257.43
ESQ,7.34,8.64
ETAO,2.64,5.12
ETNB,147.64,148.49
ETON,26.02,27.39
ETS,4.9,48.72
ETTX,19.18,47.85
EUDA,2.12,2.99
EVA,37.85,74.5
EVAX,8.02,8.34
EVC,52.25,92.04
EVER,26.26,35.37
EVEX,96.46,348.3
EVFM,132.53,132.53
EVGN,12.02,12.1
EVI,5.21,12.87
EVK,4,14.82
EVLO,10.93,18.93
EVLV,133.86,179.87
EVMN,22.06,36.02
EVOK,1.54,1.72
EVOL,6.18,10.67
EVTL,66.58,127.33
EVTV,12.55,12.93
EWTX,86.43,107.59
EXAI,61.15,126.59
EXFY,62.23,96.44
EXK,295.53,295.69
EXN,31.11,35.4
EXOZ,2.31,8.48
EXPR,3.62,3.75
EXTN,32.34,33.32
EXYN,2.99,7.37907
EYPT,83.28,83.84
EZGO,2.17153,2.30587
EZPW,56.16,61.54
EZRA,0.54375,0.55575
FAAS,23.88,66.28
FABC,4.81,4.86
FAMI,9.64,13.82
FARM,18.55,21.73
FARO,18.39,19.23
FAT,8.06,17.94
FATE,114.31,116.56
FATH,1.5,6.87
FATN,1,14.02
FAZE,48.95,77.5
FBGL,4.13,13.5
FBIO,29.96,35.63
FBLG,6.02,6.03
FBRX,20.32,20.48
FBSS,,
FCCO,8.96,9.4
FCEL,52.91,52.98
FCHL,1.23,1.25
FCUV,2.48,2.91
FDMT,68.15,69.21
FEAM,24.62,41.52
FEBO,3.06,11.06
FEDU,0.46,2.26
FEED,6.09,6.09
FEIM,6.7,9.84
FEMY,58.52,60.39
FENC,33.42,34.74
FENG,4.78,12.01
FET,10.68,11.3
FF,25.78,43.86
FFAI,292.16,303.9
FFBW,5.32,5.55
FGH,12.73,19.71
FGI,0.54,1.93
FGL,0.92,1.05
FGNX,6.07,6.26
FHTX,40.87,64
FIEE,3.01,8.53
FIP,97.03,118.16
FJET,29.47,49.39388
FKWL,8.44,11.78
FLD,6.12,50.78
FLL,33.44,36.27
FLNA,44.93,48.31
FLNC,74.87,141.53
FLNT,12.42,29.82
FLUX,17.03,21.36
FLX,35.98,73.13
FLXS,4.93,5.35
FLYE,1.55539,1.63
FLYX,12.15,96.03
FLYY,27.66,28.32
FMFC,8.74,18.3
FMST,12.6,16.38759
FMTO,0.86,0.86
FMTX,47.12,47.85
FNCH,0.91,1.61
FNGR,49.76,61.28
FNHC,16.26,17.52
FNJN,,
FNUC,18.03,18.03
FOA,6.2,8.89
FOCL,37.16,37.48
FOFO,3.57,7.57
FONR,6.01,6.56
FORA,23.24,31.24
FORK,,
FOSL,54.63,59.1
FOXO,4261.59,4261.66
FOXX,1.38,7.04
FPAY,20.27,28.48
FPH,58.83,148.5
FPRX,,
FRD,6.78,7.11
FREE,43.44,43.44
FRES,3.48,3.86
FRGE,9.59,13.76
FRGI,25.16,26.19
FRGT,0.572,0.572
FRLN,1.916,4.34
FRMM,14.47,14.54
FRSX,1.52,1.56
FRTX,4.18,5.97
FRZA,7.12,15.75
FSEA,4.39,4.69
FSFG,5.95,7.02
FSI,8.13,12.74
FSR,641.47,777.89
FSRD,22.31,75.9
FSTR,9.7,10.46
FSTX,19.55,21.98
FTCI,12.99,16.01
FTEK,28.41,31.17
FTEO,,
FTFT,3.51,5.87
FTHM,20.63,32.78
FTK,18.64,36.18
FTLF,6.71,9.39
FTRK,8.47,21.81
FTSI,9.62,14.06
FTW,27.48,27.72
FUBO,28.44,108.43
FUFU,20.12,166.62
FULC,65.77,66.63
FURY,165.96,190.12
FUSB,5.05,5.57
FUSE,14.1,28.94
FUSN,85.06,85.06
FUV,11.99,12.41
FWDI,74.49,74.68
FWP,2.27,7.25
FXLV,51.59,97.32
FXNC,7.41,9.04
GAIA,16.09,25.31
GALT,46.27,65.86
GAMB,14.52,35.25
GAME,83.81,93.7
GAN,43.78,46.46
GANX,41.03,42.65
GASS,26.97,37.19
GATO,34.61,69.38
GAU,164.06,260.28
GAUZ,18.27,18.74
GBIO,4.6,6.74
GBNH,23.63,45.6
GBR,4.73,7.13
GCDT,3.91,12.88
GCL,32.82,126.28
GCMG,58.09,60.38
GCO,9.91,10.86
GCT,24.17,36.79
GCTK,6.26,6.26
GCTS,71.2,83.08
GDC,20.45,60.76
GDEV,3.37,18.13
GDHG,44.56,47.06
GDP,7.34,14.39
GDTC,4.63,11.83
GECC,10.97,13.89
GEG,19.55,31.36
GELS,5.62,10.71
GENC,10.19,14.66
GENE,4.23,4.41
GENK,4.6,32.96
GEOS,11.87,12.89
GETR,69.71,97.2
GEVO,234.16,243.41
GFAI,22.48,24.35
GFED,3,4.38
GFR,65.92,125.43
GGE,128.09,143
GGR,7.18,15.89
GGRP,21.35,24.43
GHG,4.06,100.9
GHL,13.97,18.82
GHM,11.07,11.67
GHRS,47.6,68.61
GHSI,1.27,1.28
GIBO,2.53,65.12
GIFI,12.48,16
GIFT,23.38,34.11
GIGM,6.02,11.05
GILT,39.72,74.53
GIPR,29.835,30.385
GITS,3.33,3.67
GLBS,16.37,21.58
GLBZ,2.63,2.92
GLDG,205.73,207.12
GLE,8.3,18.78
GLMD,6.56,6.58
GLND,31.6,43.61
GLOP,51.14,51.14
GLS,54.36,73.34
GLSI,7.69,14.68
GLUE,80.87,84.48
GLXG,1.44,5.96
GMBL,1.15,1.15
GMDA,128.77,132.64
GME,410.72,448.69
GMEX,0.84143,0.85857
GMHS,8.54,57.32
GMM,54.08742,58.66742
GMVD,7.41,7.42
GNCA,48,58.73
GNE,18.71,26.4
GNFT,48.02,50
GNLN,3.75,3.75
GNLX,43.77,44.84
GNMX,,
GNPX,10.58,10.59
GNS,195.83,202.8
GNSS,44.09,45.54
GNTA,16.51,23.44
GOAI,12.72,36.54
GOCO,14.75,29.3
GOEV,14.24,14.49
GORO,160.25,161.88
GORV,0.9,3.74
GOSS,225.84,234.7
GOVX,5.5,5.5
GP,3.66,5.03
GPAK,19.38,25.58
GPGI,76.83,289.86
GPL,47.14,47.14
GPP,9.92,23.26
GPRO,143.95,174
GPUS,479.69,485
GRAL,32.61,42.92
GRAN,9.71,24.91
GRCE,9.68,15.47
GRCL,76.12,95.49
GRDI,22.38,71.88
GRDX,6.14,9.38
GREE,13.43,18.02222
GRFX,38.52,58.69
GRI,1.77,1.77
GRIN,3.48,16.21
GRML,78.17,121.24
GRND,49,185.15
GRNQ,5.45,18.05895
GRO,72.27,81.85
GROM,9.02,9.02
GROV,16.4,42.03
GROW,9.77,12.4
GROY,176.87,230.79
GRPN,20.53,37.98
GRRR,23.8,26.19
GRTS,113.9,118.11
GRTX,203.3,203.3
GRVY,2.83,6.95
GRWG,54.88,60.09
GSIT,30.81,36.19
GSIW,1.0334,1.33
GSM,88.67,188.29
GSUM,,
GSUN,8.01,8.73
GTBP,35.79,36.06
GTE,34.37,35.36
GTEC,19.28,25.69
GTH,14.14624,30.52
GTHX,43.15,52.76
GTI,3.82,3.85
GTIM,7.86,10.56
GTX,85.65,187.19
GTYH,42.86,59.41
GURE,1.36,1.654
GUTS,141.82,158.65
GV,3.58,5.61
GVH,2.36,2.42
GVP,3.12,3.47
GWAV,0.8,0.83
GWH,22.39,29.39
GWRS,14.5,28.76
GXAI,9.99,10.22
GYRE,17.52,97.03
GYRO,1.11,2.2
HALL,1.31,1.82
HAO,1.81738,2.22824
HARP,16.59,16.93
HAYN,12.56,12.79
HBB,6.14,13.55
HBIO,4.02,4.51
HBNB,15.13,234.15
HBP,25.03,27.33
HCAI,0.43,1.16
HCDI,2.21,2.33
HCHL,7.21,29.77
HCTI,2.03,2.03
HCWB,6.24,9.57698
HCWC,20.51,26.55
HDRN,3.16,71.498
HDSN,36.55,42.07
HELP,49.21,49.89
HEPA,11.62,29.12
HERE,20.56,54.36
HEXO,41.84,43.38
HFBL,2.65,3.05
HFFG,40.01,53.48
HGAS,7.48,7.48
HGBL,30.45,34.73
HGEN,104.86,119.08
HHRS,8.69,90.93
HHS,6.17,7.42
HIHO,3.22,4.6
HIL,42.8,57.09
HIND,5.98,7.02
HIPO,17.14,26.04
HIT,28.83,65.53
HITI,87.65,87.84
HIVE,264.62,267.43
HKD,82.47,246.34
HKIT,4.80333,4.86333
HKPD,15.73,23.5
HLG,3.28,25.78
HLGN,4.27,6.13
HLP,65.92,74.74
HLTH,143.06,158.52
HLVX,32.17,50.14
HMG,0.35,1.02
HMNF,4.12,4.46
HMPT,137.13,138.47
HMR,32.11,58.41
HNNA,4.6,7.9
HNRG,39.06,47.13
HNST,86.02,110.08
HOFT,10.6,10.78
HOFV,4.42,6.7
HOLO,22.51,22.51
HOOK,9.88,12.19
HOUR,1.81,35.19
HOV,3.39,5.86
HOVR,42.74016,64.47505
HOWL,41.55,48.6
HPAI,8.81,37.65
HPCO,2.39,4.33
HQ,50.76,51.48
HQI,7.66,13.9
HROW,32.34,37.28
HRTG,22.15,30.35
HRTX,162.8,189.28
HSCS,3.47,3.48
HSDT,78.55,78.55
HSTO,4.12,4.27
HT,32.09,40.3
HTCO,7.95,10.23
HTCR,0.66,1.44
HTGM,2.21,2.21
HTLM,3.44,89.69
HTOO,3.16,3.3
HTT,77.68,156.68
HTZ,133.56,315.76
HUBC,66.6,66.6
HUDI,4.28,14.3
HUHU,10.16,28.7
HUIZ,4.46,10.11
HUMA,170.7,222.02
HURA,42.45,63.68
HURC,5.99,6.45
HUT,102.27,112.55
HVBC,1.85,2.24
HVT,13.49,16.1
HWBK,5.75,6.9
HWCC,,
HWH,1.37,27.48
HXHX,7.01,13.75
HYFM,3.85,4.76
HYFT,39.56,46.52
HYLN,137.61,178.33
HYMC,60.02,91.36
HYPD,15.14,15.16
HYPR,78.59,99.27
HYRE,29.12,30.41
HYZN,7.68,7.76
HZN,23.33,27.73
IBEX,1.64,13.39
IBG,4.33857,4.5
IBIO,49.42,49.68
IBO,12.2,107.82
ICAD,24.75,27.45
ICCC,5.65,9.05
ICCH,1.93,3.14
ICCM,1.67433,2.708
ICCT,4.68,4.88
ICD,13.92,15.19
ICG,8.06,60.71
ICMB,10.69,14.43
ICON,3.21,3.21
ICON_IconixBrand,,
ICPT,26.8,41.83
ICU,3.97,4
ICVX,35.57,50.09
ID,27.1,42.93
IDAI,5.12,5.6
IDEX,20.01,20.07
IDN,17.21,20.25
IDR,15.56,15.81
IDW,11.99,14.13
IDXG,27.58,27.7
IDYA,87.03,87.86
IEA,48.02,48.62
IEC,9.32,10.62
IFBD,1.95,8.19
IFMK,21.5,36.27
IFRX,143.1,147.29
IGC,76.28,100.09
IGIC,16.96,42.84
IGMS,19.44,60.29
IH,16.82,51.11
IHRT,123.89,151.15
IHT,2.93,9.4
III,38.76,47.67
IIN,8.76,9.3
IKT,160.94,163.81
ILAG,1.14,2.08
ILLM,50.02,56.19
ILLR,144.69,198.84
IMA,9.41,16.42
IMBI,26.47,28.92
IMCC,5.52,6.22
IMDX,26.68,33.19
IMG,78.97,89.97
IMH,28.67,36.57
IMMP,143.51,147.37
IMMR,27.19,33.1
IMMX,60.19852,71.18852
IMNM,109.27,113.25
IMNN,4.99,5.01
IMPL,23.22,23.9
IMPP,53.15,64.5
IMRN,8.07,8.17
IMRX,50.85,64.7
IMSR,49.6,105.94
IMTE,2.93,3.45
IMUX,34.84,34.94
IMV,11.68,11.68
INAB,9.44,9.85
INBS,3.24,3.25
INBX,11.75,14.67
INCR,36.82,54.68
INDO,9.95,15.39
INDP,13.18,113.24
INEO,2.32,16.53
INFI,71.63,90.76
INFU,18.87,20.22
INGN,26.87,27.23
INHD,2.3685,2.5205
INKT,2.53,4.98
INLF,0.5,13.81
INLX,2.86,4.49
INM,3.31,3.31
INMB,22.06,26.59
INO,82.05,82.27
INOD,31.1,32.66
INSE,23.3,26.68
INSG,11.54,16.28
INTG,0.36,2.15
INTJ,1.09,2.14
INTS,2.62,2.7
INTT,11.98,12.56
INTZ,18.7,20.37
INUV,12.31,14.82
INV,63.12,84.04
INVE,22.83,24.01
INVZ,205.03,215.51
INZY,59.74,64.56
IOBT,33.45,71.95
IONM,3.12,3.13
IONQ,366.42,373.27
IONR,45.18,75.2
IOR,0.36,4.07
IOTR,0.69,4.91
IPDN,6.75,10.52
IPHA,83.65,93.72
IPI,13.13,13.43
IPM,5.3,9.04
IPSC,168.51,204.7
IPST,1.23,1.25
IPW,0.58,0.66
IPWR,18.58,18.88
IPX,28.93,33.94
IQST,6.65,6.74
IRBT,30.02,31.83
IRD,78.61,81.4
IREN,347.68,357.38
IRIX,12.94,17.41
IRNT,76.09,112
IRON,32.92,38.2
IROQ,3.09,3.35
IRWD,145.26,164.61
ISEE,129.48,138
ISO,31.08,39.76
ISPC,0.83,1.81
ISPO,5.24,12.63
ISPR,19.97,57.4
ISSC,17.11,17.89
ISUN,43,47.38
ITI,41.97,42.91
ITMR,12.46,16.4
ITOC,13.66,124.72
ITOS,44.02,44.21
ITP,16.42,16.97
ITRG,200.76,202.16
ITRM,52.38,52.79
ITRN,14.05,19.81
IVA,159.30273,233.68273
IVAC,24.71,27.17
IVC,33.19,37.75
IVDA,11.46,11.59
IVF,1.79,1.79
IVP,121.97,121.97
IVVD,267.31,294.61
IXHL,11.82,11.96
IZEA,13.47,17.51
IZM,7.77,12.02
JAGU,11.75,20.19
JAGX,0.6,0.6
JAKK,11.11,11.44
JANX,53.38,60.98
JBDI,4.7,19.25
JBIO,47.33,60.61
JCSE,1.81,5.31
JCTC,2.08,3.52
JDZG,5.136,5.431
JEM,1.0205,1.8015
JEWL,28.32,38.05
JF,9.53,18.34
JFB,3.05,20.6
JFIN,10.35,52.33
JFU,4.56,11.77
JG,2.13,5.97
JILL,6.73,14.88
JL,1.65,3.76
JLHL,1.45,21.45
JMG,12.15,20.31
JMIA,123.67,123.85
JMP,8.14,20.16
JNCE,38.64,52.14
JOAN,11.86,41.91
JOB,103.49,109.87
JRJC,,
JRSH,6.71,12.7
JRVR,38.85,46.24
JSPR,27.79,28
JT,14.28,21.18
JTAI,1.42,1.42
JUNS,25.47,43.42
JVA,4.98,5.71
JWEL,2.035,2.38
JXG,3.63,12.06
JYD,7.49,7.76
JYNT,10.05,14.26
JZ,25.23,32.09
JZXN,2.14,42.89
KA,8.06,13.54
KAL,0.9,0.92
KALA,5.77,18.59
KALV,50.16,53.24
KAPA,13.53,21.41
KAVL,7.62,13.54
KBAL,35.3,36.42
KBNT,12.45,14.73
KBSX,12.41,44.77
KC,173.41,299.37
KDK,96.61,199.18461
KDNY,71.77,71.8
KE,23.4,24.05
KEEL,506.89,603.83
KEQU,2.53,2.87
KFFB,3.01,8.09
KG,7.1,9.18
KGEI,22.56,35.47
KGJI,,
KIDZ,7.66,7.94
KINS,12.8,14.48
KIQ,55.3,55.3
KITT,4.73,5
KLDO,40.65,42.62
KLR,8.53,13.33
KLRS,8.23,23.79
KLTR,138.72,150.37
KLXE,17.25,19.91
KMDA,29.98,57.69
KMRK,4.6,21.1
KNDI,70.08,84.81
KNOP,23.91,33.91
KNRX,17.8,30.42
KNSA,45.76,76.94
KNTE,39.2,47.23
KOD,42.81,62.58
KODK,60.32,97.6
KOPN,175.33,184.76
KORE,6.96,17.59
KOSS,5.37,9.47
KPLT,3.03,4.77
KPRX,5.84,5.92
KPTI,19.15,26.55
KRBP,1.13,1.53
KRKR,1.52,1.97
KRMD,37.27,45.93
KRON,42.89,60.97
KRRO,17,17.06
KRT,8.33,19.96
KRUS,7,12.15
KSCP,17.06,17.25
KSPN,3.84,4.97
KTCC,10.37,10.86
KTTA,88.13,88.24
KUKE,26.78,28.35
KULR,43.45,46.26
KUST,0.63,0.63
KVHI,13.05,19.5
KWM,26.83,73.24
KWY,11.93,28.95
KXIN,1.51,1.65
KYIV,30.38,230.86
KYNB,4,4.05
KYTX,50.42,60.8
KZIA,11.34,11.34
KZR,7.2,7.39
LAB,312.41,390.37
LABP,2.35,3.13
LABT,6.38,14.32
LAC,349.46,351.06
LAES,209.27,222.77
LAKE,10.36,10.72
LANV,21.19,125.6
LARK,4.6,6.1
LASE,33.78,38.57
LAWR,15.11,45.96
LAZR,69.55,78.57
LBGJ,1.65,1.8
LBPH,33.34,39.05
LBPS,21.35,22.54
LCFY,1.43,1.8
LCI,9.2,10.78
LCTX,204.49,255.01
LCUT,13.52,22.86
LDI,68.38,337.82
LDTC,15.08,37.59
LE,11.1,30.75
LEAF,,
LEDS,3.43,8.26
LEE,9.5,22.24
LEGH,16.58,23.78
LEJU,1.9,13.78
LENZ,28.99,31.35
LESL,6.99,9.36
LEU,16.7,19.67
LEV,131.19,226.22
LEXX,24.21,24.89
LFCR,29.42,37.51
LFLY,2.92,3.14
LFMD,42.96,48.36
LFS,12.53,26.16
LFVN,9.97,12.62
LFWD,1.5,3.78
LGCL,1.22,42.79
LGCY,10.51,12.65
LGHL,4.67,4.67
LGL,5.57,6.54
LGMK,0.9,0.9
LGO,69.61,97.74
LGPS,6.73,23.63
LGVN,25.18,29.7
LHAI,5.73,16.23
LHDX,31.13,40.6
LHSW,18.79,55
LIAN,44.09,108.06
LICN,0.78,16.33
LICY,38.85,44.54
LIDR,45.56,46.31
LILM,361.59,620.95
LIMN,49.054,55.224
LINC,26.86,31.72
LINK,3.41,15.75
LION,36.75,290.19
LIPO,4.4,4.62
LIQT,4.68,11.61667
LITB,6.37,17.99
LITS,36.27,36.36
LIVE,1.5,3.07
LIXT,14.99536,15.00536
LJPC,16.26,24.94
LKCO,6.71,6.88
LL,26.51,30.66
LLAP,143.2,205.36
LMB,10.53,11.92
LMDX,89.97,318.68
LMFA,16.43,17.35
LMNL,1.12,3.1
LMNR,16.49,18.11
LMPX,6.85,10.91
LMST,4.58,6.63
LNAI,3.1675,4.53375
LNKS,1.33,1.61
LNSR,8.8,12.1
LNZA,6.96,12.09
LOAN,8.62,11.43
LOBO,11.47,15.81
LOCL,3.21,22.8
LOCO,23.34,30.46
LODE,74.8,75.91
LOGC,44.12,45.67
LOGC_1664106_Delisted,,
LONA,3.22,9.39
LOOP,28.47,48.38
LOT,44.92,679.55
LOTZ,99.78,119.7
LOV,17.86,26.25
LOVE,13.36,14.78
LPA,3.34,31.78
LPCN,7.94,8.24
LPSN,11.17,12.05
LPTH,49.2,66.3614
LPTV,50.45,147.69
LQDA,67.13,88.93
LRE,1.35,13.64
LRHC,1.05,1.05
LRMR,81.42,103.88
LSAK,84.08,85.74
LSB,4.67,41.21
LSBK,4,7.83
LSDI,1.39,1.76
LSE,1.53,17.03
LSEA,28.49,36.41
LSF,8.53,11
LSH,13.82,34.43
LSTA,7.21,9.11
LTBR,34.13,35.15
LTCH,164.26,164.26
LTRN,8.29,13.39
LTRX,38.29667,43.98667
LUB,25.88,31.3
LUCD,169.1,203.07
LUCY,5.14,6.4
LUD,2.69,22.69
LUMO,6.25,8.65
LUNA,32.68,34.7
LUNG,39.74,42.24
LUNR,135.05,217.02
LUXE,17.14,140
LUXH,4.01,4.28
LVLU,0.53,2.86
LVO,25.03,27.49
LVOX,26.05,102.18
LVRO,4.42,116.61
LVTX,20.71,26.31
LVWR,12.86,204.76
LWAY,5.96,15.28
LWLG,153.22,154.08
LX,86.65,165.8
LXEH,1.87,1.92
LXEO,78.34,78.52
LXFR,26.46,26.75
LXRX,238.33,444.2
LXU,63.11,71.92
LYEL,23.29,23.33
LYLT,22.77,24.61
LYRA,1.76,1.77
LYT,1.05,4.94
LYTS,35.39,36.71
LZM,47.69,95.58
LZMH,1.6215,8.9785
MAAS,1.19,442.18
MACK,12.12,14.79
MAGH,12.14,35
MAGN,35.69,35.8
MAIA,49.23,60.8
MAMA,36.87,40.66
MAMK,1.8,16.65
MAMO,3.56,41.64
MAPS,84.84,159.23
MARA,373.05,381.27
MARK,45.56,61.9
MARPS,1.61,2
MASK,1.76,2.07
MASS,29.22,37.81
MATH,34.05,47.11
MAXN,6.73,16.93
MAYS,0.91,2.02
MB,4.69,17.16
MBAI,5.55,7.02
MBCN,7.71,8.07
MBII,110.14,182.34
MBIO,7.51,7.58
MBOT,67.03,67.16
MBRX,5.33,5.34
MBX,35.5,47.6
MCFT,23.56,24.22
MCHX,18.87,44.3
MCLD,12.91,31.94
MCOM,92.21,92.21
MCRB,8.52,9.68
MCRP,8.58,35.65
MCTA,4.59,16.94
MDAI,23.94,31.82
MDBH,4.74,10.3
MDCX,48.26,56.66
MDIA,7.27,81.73
MDLY,,
MDNA,52.74,69.64
MDRR,0.95,1.63
MDV,10.05,10.32
MDVL,0.5,1.61
MDWD,9.07,12.87
MDWT,2.28,3.74
MDXG,118.44,148.95
MDXH,36.99,49.5
ME,17.66,27.54
MEC,16.788,24.838
MED,10.85,11.12
MEGL,2.41,5.06
MEHA,36.67,42.74
MENS,2.67,76.03
MESO,101.81,128
METC,40.58,65.17
MF,5.67,7.86
MFI,0.56,51.69
MFIN,19.88,23.85
MFNC,,
MG,21.57,31.82
MGAM,75.46,75.46
MGIH,1.25,11.25
MGLD,20.31,42.81
MGN,22,37
MGNX,52.08,63.56
MGRM,31.33,40.63
MGRT,3.75,13.75
MGRX,15.88,17.17
MGTX,74.73,92.61
MGX,23.73,37.65
MGYR,5.8,6.46
MHH,4.7,12
MHUA,0.3,0.86
MI,0.17888,0.188
MIC,73.15,88.34
MICR,,
MILE,115.72,130.42
MIMI,1.32,2.71288
MIMO,29.05,74.64
MIND,8.92,9.09
MIRA,37.75,42.02
MIRO,27.15,27.42
MIST,124.15,124.5
MITO,21.69,73.33
MITQ,6.28,9.94
MITT,30.73,31.8
MIXT,19.4,22.16
MKD,8.84,10.48
MKDW,3.2,4.2
MKFG,13.6,20.75
MKTW,2.13,2.64
MKUL,27.61,34.65
MKZR,2.22,2.26
ML,5.67,11.32
MLCI,9.1,11.97
MLEC,0.52,2.08
MLGO,3.44,12.44
MLP,7.75,19.86
MLR,9.87,11.4
MLSS,72.19,88.45
MLTX,38.79,73.62
MLYS,70.29038,88.16038
MMA,21.78,26.88
MMAT,6.38,6.7
MMLP,18.33,39.12
MMV,7.34,37
MN,16.59,19.12
MNDO,17.06,20.37
MNDR,4.91,5.33
MNK,39.58,39.58
MNOV,42.26,49.22
MNPR,5.88,8.54
MNTS,12.24,16.22
MNTX,19,20.4
MNY,14.23,43.83
MOB,11.53,12.21
MOBQ,27.82,27.82
MOBX,12.26,13.44
MOD,51.75,52.82
MODD,5.35,5.61
MODV,7.72,14.4
MOGU,1.9,8.17
MOHO,29.82,48.23
MOLN,38.61,40.37
MOND,58.11,87.42
MOR,32.88,34.23
MOTS,6.84,6.85
MOVE,1.83,1.98
MPAA,18.08,19.21
MPTI,4.15,4.32
MPU,61.78,67.86
MPX,9.28,35.24
MRAI,14.99,25.29
MRAM,21.68,23.45
MRDB,53.2,69.07
MRDN,2.85,12.67
MREO,158.69,159.62
MRIN,2.91,3.14
MRKR,13.86,16.67
MRLN,9.59,92.54
MRM,5.93,7.9
MRNO,3.88,81.72
MRNS,54.41,55.19
MRSN,4.21,5
MRT,39.18,86.04
MSAI,0.83,2.02
MSBF,,
MSC,45.67,210.72
MSGM,2.4,5.78
MSGY,2.73,14.23
MSN,5.8,21.04
MSPR,13.47,14.25
MSS,1.141,3.045
MSTR,330.38,350.45
MSVB,2.62,2.89
MSW,2.5,12.98
MTA,92.8,93.44
MTBL,5.55,16.42
MTC,99.52,99.59
MTCR_1634379_Delisted,,
MTEK,7.22,9.7
MTEM,5.9,6.58
MTEN,16.36,20.26
MTEX,1.19,1.93
MTLS,24.11,58.87
MTNB,6.28,6.41
MTR,1.86,1.86
MTRX,26.8,28.13
MTVA,3.39,5.16
MTW,34.68,35.91
MURA,16.91,17.34
MUX,51.37,59.74
MVIS,328.64,331.62
MVLA,21.4,50.91
MVO,2.47,11.5
MVST,203.96,333.16
MWC,2.85,58.291
MWG,2.97,5.13
MWYN,14.2,20.19
MX,31.03,36.22
MXC,1.04,2.05
MYFW,7.26,9.73
MYNA,6.06,6.32
MYND,8.37,46.22
MYO,36.41,38.64
MYPS,79.12,128.36
MYSE,4.8,5.07
MYSZ,4.64,4.82
NA,21.2,29.52
NAAS,2.72,12.06
NAGE,44.71,79.64
NAII,5.08,6.28
NAK,549.48,560
NAKA,16.85725,17.40225
NAMI,54.17,79.07
NAMM,12.5,54.48
NAT,204.85,211.75
NATH,2.34,4.09
NATR,15.67,17.58
NAUT,62.84,127.08
NAVB,67.83,100.08
NB,141.77,145.59
NBEV,143.43,147
NBP,114.1,115.38
NBRV,3.2,3.2
NBSE,3.57,3.73
NBTX,51.30823,53.15823
NC,4.85,7.54
NCEL,3.59,5.35
NCEW,1.06,3.2
NCI,1.99125,2.36375
NCL,51.9,53.73
NCMI,74.87,93.78
NCNA,4.16,4.16
NCNC,50.75,167.44
NCPL,7.85,7.85
NCRA,8.17,15.3
NCSM,0.91,2.62
NCT,0.32,1.17
NCTY,9.68,15.23
NDLS,4.73,5.89
NDRA,1.27,1.84839
NEGG,1.27,20.97
NEN,2.79,2.79
NEON,11.72,16.78
NEOS,,
NEOV,44.86512,54.90512
NEPH,6.04,10.86
NEPT,4.52,4.53
NERV,45.31,46.59
NES,2.23,16.21
NETI,34.2,36.65
NEUE,5.03,9.02
NEUP,5.39,5.4
NEWA,,
NEWP,95.63,184.75
NEWT,27.28,28.89
NEXI,1.25,1.39
NEXR,1.77,1.77
NEXT,129.59,264.99
NFGC,276.71,376.13
NGL,99.04,124.81
NGM,35.8,83.46
NGMS,20.62,33.74
NGNE,19.26,20.98
NGS,11.8,12.6
NGVC,9.38,23.04
NH,2.12,7.7
NHLD,,
NHTC,4.56,8.58
NICM,15.3,18.95
NINE,13.95,13.95
NIPG,201.47,280.8
NIR,13.84,51.75
NIU,47.5,80.85
NIVF,0.57,0.57
NIXX,27.02,28.64
NKGN,117.54,130.6
NKLA,115.19,119.43
NKLR,13.61,70.3
NKTR,33.61,33.79
NKTX,70.24,74.29
NL,8.34,48.86
NM,18.67,22.83
NMAX,8.25,129.16
NMCI,,
NMG,198.62,367.07
NMHI,590.72,606.63
NMRA,145.07,185.28
NMRD,17,40.35
NMTC,8.39,8.62
NMTR,12.72,14.46
NN,101.12,136.44
NNA,,
NNBR,48.33,52.77
NNDM,207.05,209.21
NNE,30.63,52.08
NNNN,39.69,143.89
NNOX,64.34,69.59
NNVC,17.83,22.93
NOA,26.91,28.24
NODK,6.42,20.54
NOGN,8.78,11.29
NOMA,5.11,17.38
NOTE,21.86,26.65
NOTV,32.17,34.89
NOVA,122.83,125.69
NOVN,27.9,28.02
NPCE,23.23,34.09
NPKI,80.17,84.45
NPT,3.62,22.3
NPWR,59.6,224.76
NRGV,109.51,178.25
NRIX,102.9,103.41
NRSN,28.29,34.15
NRT,9.14,9.19
NRXP,35.00429,41.94429
NRXS,11.25,12.38
NSEC,1.1,2.53
NSPR,48.13,60.11
NSR,23.01,68.53
NSRX,6.42,11.75
NSTG,47.55,48.12
NSYS,1.19,2.79
NTBL,6.75,9.66
NTCL,43.64,57.94
NTGN,,
NTHI,9.23,26.01
NTIC,7.59,9.49
NTIP,15.82,22.79
NTP,13.35,60.2
NTRB,7.3,12.16
NTRP,9.65,14.49
NTWK,10.13,11.88
NTZ,4.82,11.01
NUAI,98.32,101.29
NUCL,19.88,29.58
NURO,1.85,2.06
NUTR,5.38,19.38
NUTX,4.93,6.88
NUVB,263.62,348.2
NUVO,20.66,33.92
NUWE,2.94,2.94
NVA,35.62,37.13
NVAX,163.85,164.44
NVCN,2.74,2.74
NVCT,15.49,26.53
NVEC,4.77,4.84
NVIV,3.04,3.11
NVNI,9.04,11.53
NVNO,0.66,0.67
NVOS,18.41,19.73
NVRO,36.48,38.37
NVTA,285.69,286.49
NVTS,172.54,233.71
NVVE,5.31,18.42
NVX,191.22,211.03
NWGL,4.58,16.55
NWPX,9.37,9.64
NWTG,3.99,4.59
NXB,5.46,24.36
NXGL,7.9,9.13
NXL,18.12,20.58
NXPL,1.59,2.71
NXTC,3.41,3.61
NXTP,3.39,5.94
NXTS,0.55,0.73
NXTT,147.65,147.65
NXU,2.32,2.57
NXXT,46.57,167.26
NYAX,11.83,37.36
NYC,1.39,2.92
NYMX,58.68,94.54
NYXH,40.06,43.03
OABI,100.74,144.97
OBAI,14.47,24.46
OBAS,0.92,5.22
OBCI,3.68,9.51
OBIO,40.09,59.88
OBSV,96.3,113.18
OCC,5.99,8.83
OCEA,208.06,232
OCFT,4.75,36.38
OCG,1.94,1.94
OCGN,334.89,338.52
OCS,55.75,59.03
OCUL,214.06,218.96
ODC,12.03,14.48
ODV,256.49,304.72
ODYS,9.08,16.78
OESX,4.41,4.81
OFAL,17.96,26.27
OFED,1.11,5.61
OG,28.34,105.12
OGEN,4.43,4.51
OGI,102.55,158.96
OIG,4.33,4.69
OIIM,24.61,28.5
OIO,7.11,348.02
OIS,56.38,60.19
OKLO,139.74,173.99
OKUR,48.89,49.82
OKYO,42.025,51.38
OLB,9.38,14.66
OLMA,68.06,100.75
OLOX,0.741,0.773
OLP,13.61,21.82
OM,18.3,18.46
OMCC,3.52,6.79
OMER,64.94,72.38
OMEX,50.97,58.57
OMGA,25.28,55.37
OMH,24.52,25.66
OMIC,1.55,2.51
OMQS,15.15,15.15
OMSE,17.15,44.3
ONCO,1.141,1.146
ONCR,23.33,26.09
ONCS,5.5,5.96
ONCT,2.66,2.96
ONCY,119.33,119.35
ONDS,492.19,495.76
ONEG,7,16
ONEW,11.65,16.62
ONFO,4.37,6.66
ONL,56.37,56.83
ONMD,23.28,54.43
ONTF,29.88,42.99
OOMA,24.7,27.6
OPAD,37.04,47.32
OPAL,14.6,174.76
OPEN,948.49,964.74
OPFI,17.73,85.39
OPHC,9.1,12.27
OPI,72.7,73.94
OPNT,5,5.17
OPOF,4.6,5.1
OPRX,17.66,18.77
OPT,113.51,153.09
OPTH,4.82,6.1
OPTN,9.44,10.13
OPTT,226.68,228.02
OPTX,9.57,40.28
ORBS,216.56,388.01
ORGN,5.19,5.5
ORGO,65.48,128.67
ORGS,9.14,9.8
ORIC,102.18,103.52
ORIO,19.69,23.89
ORIS,4.16,5.06
ORKA,51.46,60.31
ORKT,1.95,5.84
ORMP,35.41,40.93
ORN,37.84,40.48
ORTX,22.76,22.76
OSA,7.06,17.39
OSG,52.11,72.03
OSN,2.25,6.6
OSPN,36.6,37.07
OSRH,20.6,35.1
OSS,19.5,24.77
OST,4.96,5.96
OSTX,29.55,44.54
OSUR,69.83,71.97
OTEL,,
OTIC,54.74,57.15
OTLK,154.16,160.15
OTLY,15.53,31.23
OTRK,8.95,10.89
OTTW,,
OUST,57.94,63.67
OVID,178.79,186.64
OVLY,7.19,8.41
OWLS,4.74,88.39
OWLT,22.05,29
OXBR,7.29,8.1
OYST,23.28,26.84
PACK,44.95,85.54
PALI,180.54,182.1
PANL,30.46,65.41
PAPL,25.82,27.62
PASG,3.07,3.21
PASW,10.94,124.55
PATI,2.96,3.53
PAVM,7.26,7.27
PAVS,1.74,1.76
PAYS,35.79,55.91
PBBI,,
PBFS,7.33,25.08
PBHC,3.2,6.26
PBIP,7.2,7.78
PBK,36.99,46.57
PBLA,4.85,4.85
PBM,2.67,3.81
PBPB,27.41,30.26
PBYI,42.94,50.9
PC,2.07,3.24
PCLA,2.42,4.15
PCOM,13.23,13.23
PCSA,2.74,2.75
PCTI,18.37,19.35
PCYO,19.71,24.09
PDC,2.47,4.57
PDEX,1.75,3.19
PDSB,54.55,55.82
PDYN,39.38,47.24
PEAR,72.78,142.74
PED,1.63,13.3
PEI,5.19,5.34
PEPG,53.72,69.17
PERF,46.65,101.85
PERI,29.07,39.1
PESI,19.53571,20.84571
PET,18.45,51.49
PETS,20.8,21.37
PETV,35.21,36.46
PETZ,6.38,10.32
PEV,0.926,1.29
PEW,19,29.4
PFAI,3.57,11.74
PFIE,33.91,46.2
PFIN,1.7,3.19
PFSA,4.63,4.66
PFSW,18.47,22.75
PGEN,208.95,356.51
PGY,50.07,82.87
PHAS,47.15,49.86
PHAT,71.48,79.76
PHCF,1.35833,2.19
PHGE,7.88,10.15
PHIO,11.57,11.62
PHLT,56.1,79
PHOE,6,21.6
PHUN,20.4,20.45
PHVS,65.92,69.09
PHX,34.99,37.92
PHXM,3.1,3.1
PIII,1.35,3.33
PIK,0.68,2.06
PINE,15.27,16.52
PITA,8.94,47.64
PIXY,0.29,0.61
PKBO,9.65,23.12
PKE,19.03,20.88
PKOH,9.66,14.4
PLAG,12.74,14.23
PLBL,6.39,366.39
PLBY,85.26,115.97
PLCE,9.44,22.21
PLG,92.52,123.41
PLL,20.45,21.95
PLM,56.23,194.46
PLPC,3.35,4.89
PLRX,59.85,61.92
PLRZ,1.99889,1.99889
PLSE,19.22,69.21
PLSM,3.204,6.50284
PLTS,8.12,18.06
PLUG,1386.1,1395.07
PLUR,6.51,10.79
PLUT,3.93,15.35
PLX,74.87,80.57
PLXP,27.59,29.14
PLYX,10.39,49.8427
PMAX,1.04,1.72
PMCB,10.62,10.74
PMD,3.05,6.11
PME,40.54,85.94
PMEC,7.13,38.42
PMI,44.79,92.35
PMN,8.22,8.97
PMNT,40.43,52.93061
PMTS,4.5,11.48
PMVP,51.76,53.33
PN,1.27,13.905
PNBK,47.41,117.67
PNST,28.53,41.21
POAS,13.21,31.13
POCI,10.39,10.94
PODC,6.05,27.49
POET,193.16,213.01
POL,2.07,2.11
POLA,2.83,3.64
POM,46.48,118.44
POWL,28.45,36.43
POWW,86.55,117.29
PPBT,1.17,1.19
PPCB,1.9464,2.2784
PPIH,7.66,8.12
PPSI,8.34,11.1
PPTA,99.9,125.09
PRAX,27.82,27.88
PRCH,104.6,127.72
PRCP,,
PRDS,33.74,62.01
PRE,11.07,16.87
PRFX,0.83,0.83
PRGX,,
PRHI,1.15571,3.74571
PRLD,45.39,83.27
PRME,119.28,180.62
PROC,17.75,101.05
PROF,24.93,36.34
PROK,99.95,302.06
PROP,87.94,97.73
PRPH,13.72,14.02
PRPL,57.42,108.99
PRPO,1.67,1.79
PRQR,102.99,107.71
PRSO,14.59,14.72
PRST,164.44,198.25
PRT,7.27,12.17
PRTH,31.13,82.36
PRTK,55.76,57.32
PRTS,6.694,8.058
PRTY,86.51,113.32
PRVB,89.49,94.78
PRZO,25.93,28.76
PSHG,12.43,12.43
PSIG,12.94,15.38
PSNL,77.19,104.72
PSQH,32,53.06
PSTL,28.72,30.16
PSTV,6.84,6.88
PSTX,65,97.47
PSV,,
PTE,7.18,7.38
PTGX,63.5,64.31
PTHS,1.83,3.48
PTIX,1.74,1.81
PTLE,6.14,6.28
PTN,3.89,3.91
PTNM,3.35,23.01
PTPI,42.32,42.37
PULM,3.63,3.65
PURR,134.62,134.62
PUSA,33.64,46.78
PVLA,14,15.9
PW,0.306,0.367
PWP,45.07,92.93
PXDT,7.18,15
PXLW,6.06,6.36
PXMD,126.26,126.26
PXS,6.04,12.15
PYPD,13.88,19.17
PYR,82.95,178.88
PYXS,60.81,63.36
PZG,83.46,85.78
PZN,16.19,16.74
QBAK,,
QBTS,341.62,366.74
QCLS,7.84,7.85
QH,0.7,1.90333
QIPT,27.11,44.46
QMCO,14.36,25.25571
QMMM,47.45,57.21
QNCX,15.51,16.3
QNGY,13.23,16.16
QNRX,2.58,2.58
QNTM,5.67,5.86
QRHC,17.93,21.01
QSI,174.58,217.76
QTEK,11.68,51.11
QTEX,39.73,50.58667
QTI,12,14.04
QTNT,3.31,3.53
QTT,15.95,30.32
QTTB,12.49,23.835
QUAD,26.66,51.56
QUBT,185.93,225.53
QUCY,22.71,22.77
QUIK,17.74,18.22
QUMU,16.09,17.94
QURE,61.68,63.07
QXL,9.65,13.34
QXO,540.47,725.17
RAAS,159.28,159.28
RAD,55.84,56.7
RADX,9.53,11.77
RAIL,14.2,19.14
RAIN,1.72,8.19
RAIN_1724979_delisted,,
RAND,1.18,2.97
RANI,209.47159,222.84159
RAPT,15.13,27.71
RAVE,7.96,14.21
RAY,2.13,2.98
RAYA,0.48,0.98
RBBN,93.74,176.14
RBCN,1.98,2.41
RBKB,13.1925,20.0825
RBNE,6.31,6.57
RBOT,4.23,7.12
RBT,33.51,69.71
RCAT,129.50617,146.67617
RCEL,30.38,30.78
RCKY,7.31,7.54
RCMT,5.1,7.09
RCON,9.03,70.63
RCT,13.6,59.36
RDBX,9.32,46.46
RDCM,9.34,17.07
RDGT,0.8474,0.89893
RDHL,5.02,5.09
RDI,15.56,22.72
RDIB,18.81,22.72
RDNW,17.79,38.59
RDUS,25.96,28.16
RDVT,9.81,14.11
RDW,155.8,198.92
RDZN,41.63587,84.40587
REAL,96.9,120.49
REAX,124.22,213.5
REBN,5.37,9.61
RECT,3.46,14.5
REE,12.31,31.52
REED,7.14,11.86
REFI,18.73,21.21
REFR,32.25,34.87
REI,197.62445,253.85445
REKR,118.67,137.61
RELL,10.45,14.56
RELV,,
RENO,31.3,35.2
RENT,4.79,33.59
RENX,2.42,2.61
REPX,9.08,21.7
RERE,112.9,242.06
RESN,59.74,67.19
RETO,1.3175,6.645
REUN,6.07,11.65
REV,7.56,54.28
REVB,3.91,3.91
RFIL,9.3,10.81
RFL,34.81,52.01
RGC,57.57522,495.47522
RGCO,9.75,10.41
RGF,1.12,2.81
RGLS,68.13,69.23
RGNT,3.97,5.18
RGS,2.39,2.5
RGTI,308.31,332.4
RHE,3.73,3.92
RIBT,8.82,10
RICK,6.91,7.64
RIDE,16.1,16.1
RIGL,18.11,18.5
RILY,27.34,37.13
RIME,14.63,14.65
RIOT,353.72,378.15
RITR,2.29,62.44
RJET,46.05,46.83
RKDA,2.05,2.06
RKLY,111.93,132.75
RKTO,22.26,22.32
RLGT,35.56,46.83
RLH,,
RLMD,111.49,112.34
RLYB,3.34,5.3
RM,8.25,9.21
RMAX,15.83,21.23
RMCF,6.56,9.4
RMCO,12.52,15.15
RMIX,35.61,71.6
RMNI,56.43,92.56
RMO,168.08,185.91
RMR,14.57,17.09
RMSG,1.74,11.41
RMTI,38.82,39.47
RNAC,17.8,29.38
RNAZ,0.95,0.95
RNDB,4.7,5.2
RNGR,17.88,23.76
RNLX,86.65,94.55
RNTX,83.39,85.54
RNWK,33.38,47.7
RNXT,46.83,47.29
ROC,8.16,19.08
ROCC,,
ROI,32.55,32.67
ROLR,5.83,10.97
ROMA,53.49,59.56
ROOT,9.28,15.83
ROSE,,
RPGL,1.07143,1.10145
RPID,36.22158,51.27158
RPT,6.33,7.77
RPTX,28.79,42.99
RR,182.6,223.6
RRGB,15.43,18.5
RSI,98.28615,104.14615
RSSS,27.22,33.45
RTB,7.13,8.93
RTC,14.76,29.36
RUBI,7.77316,7.77316
RUBY,46.94,90.4
RUM,211.5,339.44
RVLP,46.84,99.54
RVP,13.05,29.94
RVPH,12.88,13.11
RVSN,2.13,2.19
RXST,34.65,41.4
RXT,82.72,249.22
RYAM,65.26,67.44
RYDE,79.24,169.73
RYET,3.59,33.59
RYM,1.45,2.15
RYOJ,2.54,11.55
RYTM,67.72,68.53
RZLT,78.85,96.29
RZLV,210.71,398.83
SABS,65.88,76.46
SACH,45.72,47.96
SAFX,180.58,359.22668
SAGT,5.44,19.65
SAIH,1.1,1.83
SAL,5.54,5.81
SALM,12.97,27.22
SAMG,6.17,11.85
SANA,190.02,299.9
SANG,25.77,33.28
SANW,1.05,2.15
SAR,14.69,16.27
SATL,84.17,143.24
SATX,34.58,85.67
SAUC,,
SB,53.91,102.26
SBBP,55.01,67.83
SBC,9.88,102.58
SBDS,1.66,2.56
SBET,197.13,197.16
SBEV,10.91,10.96
SBFG,5.93,6.28
SBFM,2.134,2.134
SBIG,48.79,48.79
SCAG,19.44,72.61
SCKT,5.66,8.24
SCLX,7,8.49
SCNI,8.91,8.91
SCNX,33.79,40.63
SCOR,9.32,15.09
SCPH,47.72,53.3
SCPS,10.27,21.09
SCPX,61.12,61.14
SCTL,101.43,105.69
SCU,54.46,62.37
SCWO,11.68,17.5
SCX,6.43,7.51
SCYX,10.9825,11.02
SDA,33.59,105.65
SDC,131.47,402.61
SDEV,170.65,194.65
SDHC,8.02,50.78
SDIG,16.37,17.24
SDM,7.42,26.5
SDOT,0.6525,0.67
SDPI,15.04,30.39
SDST,7.55,10.58
SEAC,1.66,2.58
SEAT,1.02,10.99
SECO,5.07,7.07
SEED,6.97,12.92
SEEL,0.57,0.58
SEER,48.08,54.98
SEG,7.49,12.8
SEGG,10.67,12.64
SEI,56.37,58.4
SELF,9.28,11.42
SELX,10.86,37.6
SENS,55.58,57.77
SER,16.66,17.33
SERA,35.64,39.16
SERV,65.67,77.37
SES,194.66,369.28
SEV,17.75,36.6
SEZL,17.07,33.63
SFBC,1.5,2.57
SFE,15.9,16.72
SFHG,1.22,4.06
SFIX,106.28,136.52
SFR,18.49,60.14
SFT,16.31,17
SFWL,40.12,82.5
SGA,5.07,6.36
SGB,,
SGC,13.92,15.63
SGE,1.75,7.92
SGHT,39.19,54.41
SGLY,4.29,7.29
SGMA,5.83,6.12
SGMO,390.84,414
SGMT,52.55,61.75
SGRP,12.3,25.13
SGTX,1.71,2.51
SGU,29.48,32.83
SHAZ,12.51,16.74
SHCR,312.39,371.88
SHFS,5.15,6.46
SHIM,15.8995,44.7195
SHIP,16.74,20.93
SHLT,13.61,16.39
SHMD,22.19,63.73
SHPH,10.56,10.61
SHPW,5.59,6.62
SHSP,,
SIDU,100.52504,100.54504
SIEB,14.55,40.94
SIEN,11.85,11.96
SIF,3.93,6.25
SIFY,11.54,72.22
SIGA,40.86,71.72
SILC,5.43,5.71
SILO,1.07133,1.08467
SING,79.81,79.81
SINT,4.32,6.20285
SIOX,55.22,73.98
SISI,0.45,0.91
SJ,15.95,42.66
SJT,34.5,46.61
SKBL,11.19,55.22
SKE,104.36,121.74
SKIL,5.12,8.96
SKIN,84.79,129.6
SKK,1.36342,2.44868
SKLZ,10.65,15.61
SKYA,67.1,67.1
SKYE,24.3,35.14
SKYH,21.3,34.48
SKYQ,3.99,4.79
SKYS,,
SKYT,24.37,49.2
SKYX,107.01,134.48
SLAI,17.82,18.68
SLCT,14.97,17.23
SLDB,127.72,132.46
SLDP,182.99,224.98
SLE,1.47,1.5
SLGB,3,43
SLGL,2.77,3.27
SLHG,29.6,39.45
SLI,227.09,239.71
SLMT,10.548,10.688
SLN,32.16,47.23
SLNA,314.35,543.67
SLND,14.44,54.22
SLNG,5.2,18.6
SLNH,157.46,157.75
SLNO,46.04,53.71
SLQT,154.32,176.35
SLS,185.4,186.03
SLSN,18.35,70.63
SLXN,0.85,0.85
SMED,16.87,19.43
SMFL,7.09,7.09
SMHI,23.35,27.06
SMID,2.76,5.31
SMIT,3.274,3.87
SMJF,2.71,27.71
SMLP,9.84,10.65
SMLR,12.94,15.16
SMMT,123.05,776.16
SMRT,177.62,192.84
SMSI,18.87,25.43
SMTI,4.07,9.16
SMTK,19.27,21.45
SMTX,,
SMX,0.6477,0.65646
SMXT,41.89,56.91
SNAL,14.54,43.67
SNAX,5.82,7.35
SNBR,19.52,23.05
SNCE,3.32,5.97
SNCR,8.75,11.51
SND,30.83,42.99
SNDA,33.71,47.35
SNDL,260.17,260.17
SNES,5.3,5.3
SNGX,17.26,17.26
SNMP,2.06,8.43
SNOA,4.67296,4.69296
SNSE,0.91,1.34
SNT,13.48,23.33
SNTG,1.06,2.81
SNTI,17.94,31.14
SNYR,8.51,14.9
SOAR,30.33,30.9
SOBR,1.89,2.81
SOC,121.83,154.36
SOFO,8.27,12.14
SOGP,2.9,4.17
SOHO,13.52,20.49
SOHU,14.45,26.06
SOL,32.42,51.3
SOLO,110.2,119.5
SOND,11.26,13.31
SONM,1.3,1.49
SONX,0.41,0.43
SOPA,12.49182,12.99
SOPH,68.67,71.79
SORA,4.86,24.86
SORL,,
SOS,14.56,16.17
SOTK,8.45,15.71
SOUN,388.11,432.77
SOWG,14.42,20.12
SPAI,7.39,20.62
SPCB,5.33,5.37
SPCE,98.92,100.68
SPEC,8.08,18.55
SPHL,1.24,12.26
SPHS,,
SPI,25.48,31.6
SPIR,21.47,40.22
SPNE,35.58,37.2
SPOK,18.85,20.89
SPPI,202.83,205.26
SPPL,6.2,9.79
SPRB,2.72,2.75
SPRC,0.57,0.57
SPRO,45.34,57.9
SPRU,13.98,18.56
SPRY,70.78,99.3
SPWH,36.55,39.02
SPWR,112.21,146.3
SPWR_delisted_867773,,
SQFT,1.22,1.44
SQNS,15.44,16.47
SQZ,25.58,29.49
SRAX,25.16,29.44
SREV,99,99.94
SRFM,94.57,100.4
SRG,31.14,56.32
SRGA,8.82,9.18
SRI,27.43,28.24
SRL,7.95,15.23
SRLP,4.71,26.24
SRNE,546.78,551.28
SRRA,19.13,24.42
SRRK,108.31,119.83
SRT,16.2,40.3
SRTA,81.65,86.53
SRTS,13.28,16.46
SRXH,581.74,590.25
SRZN,10.35,11.61
SSII,39.15,200.13
SSKN,4.18,5.89
SSM,1.02,1.42
SSP,87.76,91.31
SST,2.6,9.94
SSTI,12.03,12.95
SSY,5.21,7.04
STAB,31.499,54.66
STAF,1.49,1.53
STAI,3.25,4.66
STAK,10.01,19.21
STBX,0.59,0.6
STCN,2.14,6.34
STEM,8.5,8.96
STEX,67.98,178.52
STFS,1.12,1.19
STG,4.08,13.93
STHO,11.6,12.09
STI,2.54,7.75
STIM,36.73,69.59
STIX,16.52,80.38
STKH,2.42285,2.42285
STKS,20.07,31.56
STND,,
STOK,51.87,62.28
STON,28.55,118.75
STRM,3.37,4.36
STRO,16.51,16.57
STRR,2.83,3.7
STRS,4.99,7.98
STRT,3.84,4.18
STRW,8.21,13.43
STRY,93.37,167.11
STRZ,12.54,16.7
STSA,26.58,33.15
STTK,58.46,76.68
STXS,62.46,97.74
SUGP,3.5,4.46
SUIG,77.99,89.09
SUMR,1.34,2.17
SUNE,4.12,4.12
SUNL,2.574,6.54
SUNW,56.7,56.78
SUP,33.98,37.3
SUPX,34.41,43.24
SURF,41.18,60.82
SURG,19.02,25.12
SVBI,10.08,12.86
SVCO,12.71,32.68
SVM,187.85,220.86
SVMH,5.19,10.96
SVRA,201.26,204.93
SVRE,1.1,1.25
SVRN,1.439,1.72
SVT,1.29,2.56
SWAG,9.14,18.77
SWIM,56.12,117.41
SWKH,3.46,12.1
SWMR,3,12.35
SWVL,5.63,9.96
SXTC,34.71,38.22
SXTP,2.64,2.66
SY,75.18,100.22
SYBX,5.14,11.7
SYNC,,
SYNX,2.49,6.63
SYPR,8.18,23.01
SYRA,7.47,17.3
SYRE,91.9,99.2
SYRS,24.15,26.83
SYT,4.83,26.09
TACT,7.01,10.28
TAIT,3.14,6.02
TALK,137.24,167.51
TANH,9.59,13.77
TAOP,1.65,9.55
TAOX,7.31,7.47
TARA,55.23,56.2
TARS,42.02,43.02
TAT,,
TATT,10.08,12.98
TAYD,3.13,3.22
TBCH,19.85,19.85
TBH,2.3775,3.00875
TBHC,12.98,22.46
TBI,28.88,30.4
TBIO,0.53,1.78
TBLA,102.64,273.32
TBLT,1.32,1.44
TBRG,10.56,14.91
TC,0.44,21.99
TCBP,0.51,0.51
TCBS,2.26,2.89
TCCO,1,1.85
TCGL,3.57,20.05
TCMD,21.99,22.56
TCON,3.38,3.41
TCRR,24.18,39.26
TCRT,1.93,2.42
TCRX,55.59,61.07
TCS,1.99,3.45
TCX,8.28,11.15
TDAY,139.46,146.7
TDIC,23.15,27.6
TDTH,1.69,3.84
TDUP,92.16,129.04
TE,170.79,279.27
TEAD,84.38,95.98
TECX,8.05,18.87
TELA,50.5,51.33
TELL,875.05,893.76
TELO,21.34,68.77
TENX,26.02,26.53
TERN,115.26,115.41
TESS,7.07,9.23
TFFP,3.29,4.44
TG,21.62,35.02
TGA,65.09,72.54
TGAN,61.83,63.27
TGB,361.63,365.63
TGE,13.79,54.8
TGEN,16.17,29.92
TGHL,12.72,25.3
TGL,1.66,1.98928
THCH,10.28,33.24
THH,28.87,50.05
THM,179.42,261.64
THMO,3.51,15.85
THRD,31.25,45.13
THRN,14.92,53.92
THRX,24.79,44.23
THTX,45.89,45.98
TIG,18.13,51.24
TIGR,129.66,189.7
TIL,3.53,6.78
TIO,236.32,241.95
TIRX,78.62,99.17
TISI,2.33,4.57
TJGC,6.35,10.1
TKLF,1.62,4.23
TKNO,11,53.61
TLF,3.11,8.14
TLGT,91.82,92.82
TLIH,0.569,2.94
TLIS,1.01,1.82
TLMD,61.23,101.34
TLPH,46.64,53.65
TLRY,115.65,116.55
TLS,57.02,78.37
TLSA,105.54,125.22
TLSI,44.01,61.42
TLYS,9.4,30.47
TMBR,3.07,3.09
TMC,273.11,433.19
TMCI,47.93,64.87
TMCR,13.5,55.06
TMDE,3.57,23.57
TMDI,111.16,111.2
TMPO,15.88,30.75
TMQ,130.47,175.55
TNGX,145.89,147.64
TNMG,2.05,2.56
TNON,9.26,11.57
TNXP,15.94,15.94
TNYA,193.25,217
TOI,86.24,99.98
TOMZ,16.51,23.1
TONX,54.75,56.53
TOON,61.89,67.06
TOP,7.02,251.48
TOPP,6.5,24.7
TOPS,4.25,7.47
TORO,19.24,28.85
TOUR,3.533,10.921
TOVX,56.09,56.1
TOYO,5.04,46.6
TPB,18.06,19.37
TPC,40.01,52.61
TPCS,9.13,10.01
TPET,41.06,41.42
TPHS,36.05,66.25
TPIC,47.48,48.73
TPST,15.97241,15.98241
TRAK,11.2,18.17
TRAW,14.11,15.15
TRC,25.88,27
TRDA,34.31,38.82
TREE,11.37,13.95
TRHC,25.73,27.05
TRIB,14.4,20.25
TRIL,102.67,105
TRKA,15.77,16.73
TRML,23.55,25.69
TRMT,6.53,8.25
TRNR,2.33,2.33
TRNX,,
TRON,47.86,474.38
TROO,55.42,122.16
TRSG,7.05,16.35
TRT,7.75,10.11
TRUE,52.79,88.94
TRUG,1.08,1.11
TRVG,13.5,70.62
TRVI,125.47,141.98
TRVN,0.86,0.86
TRX,281.64,287
TSAT,12.12,14.98
TSBX,15.57,23.14
TSE,27.23,36.56
TSHA,269.16,297.99
TSQ,14.77,17.95
TSRI,1.42,2.17
TSSI,23.64,28.07
TSVT,48.85,53.23
TTEC,20.52,48.66
TTI,139.29081,146.20081
TTOO,15.34,28.05
TTPH,,
TTRX,10.91,29.79
TTSH,16.69,44.72
TUEM,3.99333,5.87
TUFN,33.23,37.85
TULP,1.63,4.77
TUP,43.02,46.53
TURB,4.1,12.58
TUSK,24.05,48.17
TVGN,1.12,4.19
TVRD,3.91,9.38
TWAV,3.43,3.46
TWG,11.73,22.75
TWIN,9.73,14.42
TWNP,5.52,57.33
TWOU,2.73,2.86
TXMD,8.44,11.57
TYGO,46.47,75.91
TYME,119.99,172.21
TYRA,52.13,59.47
TZOO,5.76,10.28
UAMY,145.44,148.19
UAVS,55.33,58.6
UBCP,5.29,5.78
UBOH,3.03,3.24
UBX,16.92,17.21
UBXG,1.52827,1.81787
UCAR,7.14,25.74
UCFI,2,51.66
UCL,22.14,38.06
UEC,483.01,490.22
UEIC,9.7,12.63
UFAB,9.78,11.73
UFG,9.82,32.47
UFI,15.13,18.59
UG,2.92,4.59
UGRO,1.31,1.32
UHG,11.52,58.83
UK,0.665,0.678
ULBI,9.92,16.66
ULY,2.12,2.18
UMAC,45.49,47.79
UNAM,2.94,5.3
UNB,4.56,4.61
UNCY,26.04,26.7
UOKA,1.22,1.23
UONE,0.26,4.52
UP,5.55,36.23
UPC,0.56,0.648
UPH,11.72,18.93
UPLD,24.22,29.36
UPXI,57.8,70.26
URG,392.95,397.33
URGN,49.38,50.34
UROY,128.07,157.57901
USAK,8.22,9.03
USAP,8.17,9.31
USAR,196.48,223.04
USAS,293.8,324.51
USAU,12.97,16.5
USBC,29.68,388.14
USDP,14.81,33.77
USEA,7.94,9.54
USEG,32.84,53.07
USGO,3.51,13.35
USIO,17.58,27.6
USWS,11.11,12.83
USX,33.04,52.58
UTI,53.17,55.06
UTMD,2.95,3.18
UTRS,1.05,8.88
UTSI,3.14,9.19
UUU,2.15,3.03
UVE,23.5,27.91
UWMC,80.97,1601.09
UXIN,5.35,231.16
UZX,9.5,16.49
VANI,41.68,87.82
VAPO,5.74,6.24
VATE,5.23,13.64
VAXX,54.55,126.75
VBFC,0.62,1.5
VBIO,2.86,2.88
VBIV,27.58,28.68
VCIG,2.85,5.54414
VCNX,1.63,2.68
VCSA,9.95,22.2
VECT,64.33,67.39
VEEA,37.12,50.41
VEEE,0.52,0.53
VELO,20.57,29.8
VENU,52.42,63.85
VERA,62.06,71.78
VERI,88.56,92.96
VERO,1.74,1.86
VERU,14.59,16.05
VERY,14.88,14.88
VEV,45.88,50.48
VFF,102.58,114.29
VFS,38.81,2338.81
VGAS,25.83,44.55
VGFC,123.67,151
VGZ,141.23,145.97
VHAI,9784.2,10942.82
VHC,3.62,4.19
VHI,2.4,28.3
VHUB,25.52,85.06
VIAO,7.65,22.65
VIDA,4.522,13.854
VIEW,1.64,4.07
VIGL,31.32,47.7
VINC,4.83,5.23
VINO,0.57,0.95
VIOT,33.76,68.05
VIRC,13.2,15.73
VIRX,38.68,39.74
VISL,2.11,2.47
VITL,34.48,42.85
VIVE,10.72,10.72
VIVK,3.9,4.3
VIVO,15.74,16.79
VIVS,5.21158,5.24158
VJET,8.04,9.13
VKTX,113.09,116.11
VLDR,271.59,271.88
VLN,45.21,105.05
VLNS,69.12,80.2
VLRXQ,,
VLTA,131.51,175.79
VMAR,1.56,1.56
VMD,30.07,38.34
VNCE,3.61,12.85
VNDA,58.09,60.14
VNET,107.66,373.76
VNRX,6.64,8.33
VNTG,11.37,31.74
VNTR,55.05,108
VOC,8.19,17
VOLT,20.5,22.1
VOR,54.04,54.19
VORB,16.61,337.01
VOXR,56.69,68.9
VOXX,10.31,22.53
VPG,11.35,13.3
VQS,40.45,40.45
VRA,24.57,27.97
VRAX,19.4,19.92
VRCA,16.83,21.3
VRDN,110.39294,110.42294
VRM,1.2,5.21
VRME,11.28,13.12
VRNA,81.92,86.19
VRPX,1.77,1.8
VS,1.74,4.9
VSA,1.054,1.134
VSEE,29.72,48.6
VSME,2.61,2.75
VSTA,5.41,80.2
VSTD,11.59,15.86771
VSTE,13.6,29.97
VSTM,83.98,87.87
VTAK,2.29,2.69
VTGN,39.56,39.62
VTIX,20.38,34.21
VTNR,85.82,93.51
VTRU,24.5,33.83
VTSI,10.99,11.31
VTVT,1.75,3.94
VTYX,54.3,71.36
VUZI,78.12,83.16
VVOS,11.21,13.89
VWAV,14.12,25.39
VWE,23.19,62.81
VWTR,16.14,18.31
VXRT,240.28,241.97
VYGR,51.45,60.42
VYNE,33.03,33.35
VYNT,5.8,6.27
VZLA,339.94,349.43
WAFU,1.44,4.41
WAI,2.35,2.36
WALD,36.31,128.26
WATT,5.49,5.5
WAVE,2.89,5.84
WBEV,9.88,13.3
WBUY,4.81,5.48
WBX,9.29,17.13
WCT,2.71,3.07
WDH,121.34,360.88
WE,12.625,53.26
WEAV,59.95,79.57
WEBK,,
WEBR,28.06,288.21
WEJO,72.01,108.59
WETH,11.92,11.93
WETO,65.7,82
WEYS,5.97,9.53
WFCF,1.72,5.04
WFF,3.44,5.04
WGRX,1.3472,2.5134
WGS,15.15,29.69
WHG,8.19,9.49
WHLM,1.34,4.92
WHLR,1.8,1.8
WHWK,37.04,71.77189
WILC,4.08,13.91
WIMI,16.37,18.39
WINT,33.71,33.71
WKEY,5.02,9.82
WKHS,4.26,10.89
WKSP,16.47,16.79
WLDN,14.18,15.11
WLDS,6.55,6.55
WLFC,3.75,7.95
WLGS,0.65,0.7
WLMS,14.35,27.21
WMC,5.36,6.05
WNW,0.47,25.61
WOK,1.22,1.22
WOLF,19.6,51.51
WORX,1.06,1.07
WOW,44.37,85.7
WPRT,15.37,17.4
WRAP,38.61,55.74
WRD,308.84,363.65
WRN,203.33,226
WRNT,6.13,23
WSHP,0.61,10.96
WSTL,,
WTER,10.52,10.9
WTF,5.03,48.24
WTO,1.78,52.69
WTT,17.04,21.37
WULF,400.96,495.53
WVE,159.67,192.38
WVFC,1.38,1.88
WVVI,4.57,4.98
WW,0.9,10
WWR,124.79,127.13
WXM,0.333,1.04596
WYFI,11.49,38.61
WYHG,0.59,12.5825
WYY,8.35,9.89
XAGE,1.63,2.48
XAIR,12.78,13.19
XBIO,2.06,2.29
XBIT,19.79,30.49
XBP,8.57,11.77
XCH,54.01,72.54
XCUR,2.19,6.37
XELA,27.74,27.75
XELB,4.6,6.05
XERS,165.52,172.64
XFOR,94.26,94.32
XGN,12.24,24.16
XHG,1.57,51.55
XHLD,2.06,4.48
XIN,4.31,8.51
XLO,8.69,10.17
XMAX,47.89,63.6
XNDU,3.55,298.51
XNET,32.37,62.96
XOMA,8.8,12.54
XONE,17.29,22.4
XOS,9.69091,13.21091
XPL,85.7,93.07
XPON,11.13,11.44
XRTX,3.72,4.05
XTIA,34.49,50.65
XTKG,1.81467,2.07
XTLB,1.91,2.2
XTNT,53.16,140.26
XWEL,7.9,8.44
XXI,346.81,346.81
XXII,4.46,4.46
XYF,13.08,39.02
XYLO,0.81,0.81
YAAS,13.51,13.85
YCBD,10.48,10.5
YDDL,22.02,56.03
YDES,2.88,70.79
YDKG,5.41,5.53
YELL,12.66,52.13
YGF,11.15,32
YGMZ,62.6,62.64
YGYI,,
YHC,20.67,21.37
YHGJ,0.84,2.61
YI,3.56,8.79
YIBO,23.97,59.23
YJ,1.06,4.93
YMAB,33.31,45.44
YMAT,10.9,19
YMT,1.21667,8.53933
YOOV,55.583,226.985
YOUL,69.3,81.02
YQ,7.5,10.84
YRD,15.63,87.34
YSG,23.39,93.85
YSXT,13.42,27.44
YTEN,0.53,0.66
YTRA,29.46,63.93
YUMAQ,,
YVR,3.559,3.96
YXT,16.48,59.49
YYAI,0.941,1.0525
YYGH,5.71,6.36
ZAGG,,
ZAPP,6.56,7.87
ZBAO,11.29,34.06
ZBIO,31.97,63.13
ZCAR,6.93,7.15
ZCMD,79.6,80.31
ZDAI,4.46438,8.04
ZDGE,10.3,13.04
ZENA,77.34,93.71
ZENV,11.51,52.26
ZEO,29.48,58.02
ZEPP,4.44,14.68
ZEUS,9.67,11.2
ZEV,4.6,6.59
ZFOX,110.6,124.84
ZH,44.64,88.15
ZIVO,2.27,3.89
ZJK,13.43,63.82
ZJYL,1.891,7.83
ZKIN,17.27,57.31
ZNB,2.1,2.1
ZNTL,68.3,71.19
ZOM,962.75,980
ZONE,215.28,221.94
ZOOZ,7.84,8.1
ZPTA,178.33,187.33
ZSAN,4.82,
ZSPC,4.03,4.8
ZSQR,9.43,51.43
ZSTK,1.24,25.73
ZTEK,105.54,125.37
ZTG,3.46,11.58
ZUMZ,13.32,17.28
ZURA,84.82,95
ZVIA,30.37,76.98
ZVO,32.72,34.22
ZVRA,58.7,59.12
ZVSA,8.09,8.1
ZY,65.43,104.1
ZYBT,4.43,47.39
ZYME,72.89,73.02
ZYNE,53.34,53.94
ZYXI,15.56,30.39